,Unnamed: 0,open,high,low,adjclose,amount,volume,str07,pct_index_300,pct_vol_300
0,2019-05-10,32.8,39.36,32.8,39.36,996352.5,25373,65536,3.6322471317054235,46.484228403594805
1,2019-05-13,43.3,43.3,43.3,43.3,359476.59375,8302,65536,-1.6544920854052458,-30.142450959399728
2,2019-05-14,47.63,47.63,47.63,47.63,953362.0625,20016,65536,-0.6427292278254337,-1.043022148938999
3,2019-05-15,52.39,52.39,52.39,52.39,3868006.0,73831,65536,2.2479184670040957,7.670847022473871
4,2019-05-16,57.63,57.63,52.62,53.11,537523328.0,9885354,65536,0.4526319461027217,5.534138617545259
5,2019-05-17,51.01,51.44,47.81,48.05,345327328.0,6985405,65536,-2.5427622089979507,10.48955104907201
6,2019-05-20,46.4,46.5,44.37,44.97,194801632.0,4316318,65536,-0.8487815038533686,-15.172655233427546
7,2019-05-21,45.62,45.88,44.7,45.4,141431472.0,3122028,65536,1.3541416168434406,1.8900305466573952
8,2019-05-22,45.36,45.36,43.15,43.74,170816320.0,3881692,65536,-0.4745307872302207,-11.418175634364502
9,2019-05-23,43.01,43.03,41.33,41.4,143131472.0,3397453,65536,-1.7926332692128508,1.5777469144489409
10,2019-05-24,41.41,42.75,41.36,41.59,117247928.0,2792411,65536,0.27762586636010944,-18.983137373191504
11,2019-05-27,41.8,42.35,41.06,42.2,101021728.0,2416302,65536,1.2045376762356286,34.46858731198024
12,2019-05-28,41.89,42.96,41.65,41.82,118243712.0,2790047,65536,0.9639282964918116,8.320588558002084
13,2019-05-29,41.36,43.29,41.33,42.45,118804760.0,2795826,65536,-0.22738041424082975,-20.808873877052992
14,2019-05-30,42.11,44.3,41.68,44.26,171928624.0,3995561,65536,-0.6203755004899114,0.9074136343054652
15,2019-05-31,44.26,47.0,44.26,45.5,257219520.0,5625332,65536,-0.3128106822513521,-5.286792574567057
16,2019-06-03,44.68,45.3,42.11,42.3,172734896.0,3967653,65536,0.06116056300777827,12.890182447392863
17,2019-06-04,42.28,42.28,40.55,40.95,105167960.0,2548771,65536,-0.9234556072257648,-13.528252384406445
18,2019-06-05,41.4,41.75,40.65,41.42,69952824.0,1697445,65536,-0.037793840159838776,1.773797412804612
19,2019-06-06,41.02,41.25,39.1,39.37,82801800.0,2066824,65536,-0.9015570833252328,-3.505805711557564
20,2019-06-10,39.79,40.14,39.32,39.75,39888112.0,1003886,65536,1.2921215929620589,7.997551581671768
21,2019-06-11,40.24,43.73,40.24,43.73,167639536.0,3869972,65536,3.0060320045198536,55.32634506189933
22,2019-06-12,46.0,47.99,44.71,44.79,392709344.0,8506611,65536,-0.757673528209768,-16.938582174089902
23,2019-06-13,43.81,44.8,42.8,43.61,198785776.0,4553484,65536,-0.1546964319579569,-19.170460551420145
24,2019-06-14,43.5,43.59,39.95,40.21,188472336.0,4538169,65536,-0.8278635368305642,5.6941639927982965
25,2019-06-17,40.4,41.2,40.3,40.39,71621416.0,1763024,65536,-0.0016416407652264375,-28.325647845619184
26,2019-06-18,40.39,41.78,40.13,41.35,99581896.0,2420184,65536,0.3502224459754455,-3.1303315834683487
27,2019-06-19,42.2,43.08,41.0,42.7,157576512.0,3743168,65536,1.3174756381522768,77.6654252390212
28,2019-06-20,42.38,43.11,41.95,42.9,139728784.0,3286483,65536,3.0296506402148538,34.456874583659165
29,2019-06-21,42.93,45.0,42.93,44.62,197715808.0,4511572,65536,0.1415690658531199,-9.022757717908746
30,2019-06-24,44.62,44.96,42.71,44.75,167980704.0,3831494,65536,0.1911871338622806,-34.85565136442893
31,2019-06-25,45.16,46.94,44.5,45.08,256647584.0,5618065,65536,-1.0402809487487177,23.97100649459421
32,2019-06-26,43.1,43.5,40.57,42.67,162141552.0,3818994,65536,-0.183620909633786,-34.056271131821305
33,2019-06-27,42.4,43.39,42.11,42.29,111079240.0,2605112,65536,1.0671185690227292,28.716687523556963
34,2019-06-28,42.2,45.88,42.03,44.8,228154208.0,5146139,65536,-0.2406892631205637,-19.51284623799847
35,2019-07-01,45.8,47.3,44.6,45.15,264902528.0,5792258,65536,2.8811242187479547,86.83207925749691
36,2019-07-02,45.15,47.56,44.57,46.7,271897696.0,5850493,65536,0.034554513556295234,-16.737252695170067
37,2019-07-03,45.9,49.66,45.41,45.8,261031344.0,5555555,65536,-1.1084103556615488,-15.069290290923275
38,2019-07-04,46.0,48.28,45.8,46.99,226169744.0,4814105,65536,-0.5247166453064556,-11.295698698957825
39,2019-07-05,46.0,48.39,45.51,47.42,236477024.0,5038594,65536,0.5189641372543852,-25.503476587042677
40,2019-07-08,47.2,47.38,43.62,44.3,179581248.0,3977262,65536,-2.3222541867872204,48.012736768474475
41,2019-07-09,44.2,44.8,42.68,43.32,126205216.0,2897692,65536,-0.2540240192069443,-31.674861701876896
42,2019-07-10,43.0,43.81,41.86,42.23,98555848.0,2300280,65536,-0.16846245712645036,-2.6840067783736155
43,2019-07-11,42.71,43.09,41.51,42.46,88097568.0,2075546,65536,-0.04014006770995948,3.402282957392333
44,2019-07-12,42.46,42.92,41.82,42.92,60139852.0,1413077,65536,0.6210999624856717,0.20448543601272465
45,2019-07-15,42.69,43.89,42.0,43.89,93136616.0,2157377,65536,0.4059095814090252,34.10710287459777
46,2019-07-16,43.56,44.13,43.41,43.74,79862040.0,1822869,65536,-0.4534293536670564,-20.230448187742727
47,2019-07-17,43.42,43.8,42.31,42.48,88484344.0,2069248,65536,-0.058053246122125035,17.90259205663771
48,2019-07-18,42.01,42.28,40.83,40.95,77177568.0,1865610,65536,-0.9525211320913328,-8.076409152662768
49,2019-07-19,41.1,41.63,41.03,41.13,43139784.0,1044701,65536,1.049782401019006,0.6739748112051913
50,2019-07-22,41.03,41.47,39.1,39.22,72817608.0,1827435,65536,-0.690133299719542,4.55829667386185
51,2019-07-23,39.2,40.08,39.2,39.98,38047920.0,957733,65536,0.2176281441052641,-22.5708145492765
52,2019-07-24,40.5,40.98,40.19,40.6,46593760.0,1146507,65536,0.7894646574720721,27.52267156276751
53,2019-07-25,40.68,41.49,40.63,41.01,52473392.0,1275116,65536,0.8178374430275692,3.07863639996373
54,2019-07-26,40.67,41.26,40.21,41.19,47395836.0,1157107,65536,0.1947510691833632,-11.18100104035168
55,2019-07-29,41.18,41.5,40.5,40.63,38967508.0,952596,65536,-0.11144024858951164,1.8677433031505155
56,2019-07-30,40.63,41.1,40.3,40.78,39076152.0,959189,65536,0.4164212678406054,10.976424160198329
57,2019-07-31,41.96,42.68,41.12,41.18,95069936.0,2270699,65536,-0.903284482936817,-12.720247465164425
58,2019-08-01,40.19,40.62,39.65,40.46,69413408.0,1731576,65536,-0.8314734470818985,2.38952818131406
59,2019-08-02,39.6,40.48,39.3,40.18,57000108.0,1428050,65536,-1.4731284853041982,28.796235069996513
60,2019-08-05,40.58,41.05,40.07,40.11,47410972.0,1171100,65536,-1.914640394509315,-6.470538569501116
61,2019-08-06,39.31,40.69,38.0,40.65,89215144.0,2263554,65536,-1.0708193563657489,28.1348275325358
62,2019-08-07,40.45,40.78,39.9,40.04,57622808.0,1427736,65536,-0.4097537902225668,-35.118074080992315
63,2019-08-08,39.76,40.9,39.56,40.7,56240512.0,1398960,65536,1.3215773879379222,5.008375246365349
64,2019-08-09,40.76,42.29,40.76,41.54,103201680.0,2488108,65536,-0.9745754628279536,-3.574733177291156
65,2019-08-12,41.63,41.97,39.63,41.25,80004840.0,1958594,65536,1.804581219915602,-3.7663428749766363
66,2019-08-13,40.76,40.76,39.78,40.06,52290288.0,1302536,65536,-0.9015706523208378,-6.8013476496294185
67,2019-08-14,40.6,40.67,40.07,40.07,44630016.0,1106400,65536,0.4542044602059647,19.21860125467216
68,2019-08-15,38.75,39.64,38.61,39.46,42819352.0,1091996,65536,0.3150119487290937,-2.854916729886725
69,2019-08-16,39.47,39.95,39.41,39.45,40296228.0,1016196,65536,0.44775311315647937,-0.3156508880387987
70,2019-08-19,43.4,43.4,43.4,43.4,49239340.0,1134547,65536,2.170843057883753,57.7539899633793
71,2019-08-20,47.74,47.74,47.65,47.74,152738432.0,3199441,65536,-0.08862886399426673,-22.052381902424045
72,2019-08-21,48.0,52.5,45.01,49.1,474770784.0,9861825,65536,-0.15761419108542007,-24.21887873831671
73,2019-08-22,48.16,51.3,47.15,49.95,361368544.0,7338824,65536,0.3107018954137786,4.26235372396655
74,2019-08-23,49.0,50.44,47.2,48.5,263730144.0,5399448,65536,0.7209681798650891,2.5018602040243643
75,2019-08-26,47.2,47.97,45.58,46.4,193560864.0,4147883,65536,-1.4381579016242485,6.713335222111173
76,2019-08-27,46.6,46.96,45.86,46.02,203691008.0,4391029,65536,1.3553165104848386,32.89201943390376
77,2019-08-28,45.86,46.83,45.3,46.77,186789184.0,4040069,65536,-0.3764786020251765,-28.84650015932626
78,2019-08-29,46.36,46.99,44.0,44.68,188536832.0,4122055,65536,-0.3258314092011161,-5.259022306184646
79,2019-08-30,44.99,45.54,43.36,44.87,128447688.0,2864914,65536,0.2480086750268562,14.999113915332641
80,2019-09-02,44.68,45.4,43.8,45.38,121106248.0,2707174,65536,1.2825067967859651,14.058821978144719
81,2019-09-03,45.17,46.27,44.92,45.94,125150448.0,2746279,65536,0.1374625810743435,-11.401570608599744
82,2019-09-04,45.63,46.33,44.7,46.3,153559728.0,3379066,65536,0.840510586177623,29.590229942126054
83,2019-09-05,46.1,46.66,45.41,45.41,179567840.0,3898000,65536,1.0118373648996482,43.45590923504928
84,2019-09-06,45.14,45.62,44.11,44.44,120412192.0,2686223,65536,0.5907798599859461,-32.904929641527126
85,2019-09-09,44.77,45.56,44.48,45.54,100501264.0,2228370,65536,0.6189676612190276,20.45199545502789
86,2019-09-10,45.53,47.15,45.02,46.91,185153600.0,4000252,65536,-0.3443285216275016,-10.844216795023033
87,2019-09-11,46.64,46.64,45.53,45.6,109426592.0,2377858,65536,-0.7367519770058673,0.5389963400088016
88,2019-09-12,45.89,46.96,45.64,46.84,131082712.0,2812217,65536,1.0757995979746138,-16.226773269095773
89,2019-09-16,46.88,47.65,46.42,46.66,108370984.0,2317596,65536,-0.3690482783620941,0.01681040094665409
90,2019-09-17,46.8,46.8,44.6,45.09,95912576.0,2107858,65536,-1.6802603519197934,3.1149266044865564
91,2019-09-18,45.11,45.75,44.57,45.4,66581988.0,1473893,65536,0.4846808969937389,-27.827393518710352
92,2019-09-19,45.4,45.98,44.86,45.84,62937288.0,1381742,65536,0.365721417464604,4.787070687886996
93,2019-09-20,45.99,46.77,45.69,46.0,91412904.0,1977947,65536,0.2871791212879504,20.31967417098004
94,2019-09-23,45.68,45.69,44.71,45.03,58304412.0,1294548,65536,-1.1431402690788128,-9.105063115989797
95,2019-09-24,45.22,45.4,44.42,44.5,64474952.0,1434513,65536,0.26782088386032576,-6.6495597840087735
96,2019-09-25,44.06,44.88,43.78,43.97,45260000.0,1022958,65536,-0.7715812031539926,1.979427050018545
97,2019-09-26,43.98,44.35,41.87,42.0,62534936.0,1466000,65536,-0.7708642255966236,14.719998981242744
98,2019-09-27,42.15,42.68,42.0,42.44,29388602.0,693000,65536,0.2996506245541708,-27.940436911414924
99,2019-09-30,42.45,42.56,41.78,41.89,27928844.0,663990,65536,-0.9894488209414298,-10.908383035299453
100,2019-10-08,41.9,42.5,41.9,42.0,23127748.0,547990,65536,0.6068899707172282,16.269275571684734
101,2019-10-09,41.9,42.53,41.52,42.48,25761682.0,610672,65536,0.14487919784869074,-1.0479655967437609
102,2019-10-10,42.55,42.96,42.11,42.93,29308214.0,685070,65536,0.8170189735743794,4.440318593045589
103,2019-10-11,42.8,43.51,42.74,42.91,32644388.0,757270,65536,0.9572502219561184,17.911386603439677
104,2019-10-14,43.05,43.68,43.05,43.37,36282080.0,835590,65536,1.0611673096047047,31.024766611459608
105,2019-10-15,43.46,43.53,42.43,42.43,29973708.0,702300,65536,-0.4297740587467458,-30.328104299496484
106,2019-10-16,42.7,43.28,42.51,43.03,28047826.0,654200,65536,-0.3444903143855149,-2.397264374375341
107,2019-10-17,42.71,42.96,42.1,42.21,26138560.0,615300,65536,0.06449655720945913,-22.066594563405108
108,2019-10-18,42.38,42.55,41.68,41.88,23568652.0,558987,65536,-1.4225954214031278,26.913948616442052
109,2019-10-21,41.68,41.86,39.99,40.22,37486144.0,927100,65536,0.2961714796685833,-9.885944242268751
110,2019-10-22,40.22,40.71,40.22,40.67,19776520.0,488480,65536,0.38754496449222575,-7.096447729381581
111,2019-10-23,40.67,40.75,40.3,40.37,19803874.0,489100,65536,-0.6365699148844439,1.8573500208927785
112,2019-10-24,40.13,40.67,40.13,40.62,19675144.0,486000,65536,-0.010591359517242438,1.6181940885594326
113,2019-10-25,40.5,40.7,40.06,40.54,21614472.0,535200,65536,0.6748185714617883,8.577951154822184
114,2019-10-28,40.58,41.25,40.41,41.06,28027856.0,686300,65536,0.7647319973619338,25.760448640102297
115,2019-10-29,41.2,41.2,39.95,40.0,31433100.0,779500,65536,-0.4166465049826984,-15.552370377108106
116,2019-10-30,39.9,39.9,39.24,39.29,23425684.0,593300,65536,-0.4859049211938915,-5.329817526334359
117,2019-10-31,39.99,39.99,39.03,39.05,18738340.0,476000,65536,-0.11513069132382815,11.35390281934068
118,2019-11-01,38.89,39.29,38.2,39.29,23216810.0,599013,65536,1.6888145622949713,16.116182085682308
119,2019-11-04,39.29,40.35,38.95,40.2,47380404.0,1207413,65536,0.6509985097624461,3.480242827830149
120,2019-11-05,39.75,40.12,39.38,39.75,43076280.0,1086012,65536,0.6206449277548209,8.3671201147131
121,2019-11-06,39.75,39.87,39.05,39.12,20044206.0,508200,65536,-0.4479353254338792,-13.81513442163924
122,2019-11-07,39.15,39.45,39.01,39.34,14625705.0,372600,65536,0.17566400995763232,-10.33578140759721
123,2019-11-08,39.43,40.45,39.31,40.33,50100732.0,1250400,65536,-0.4727096004889853,11.29111399568652
124,2019-11-11,40.06,40.06,39.03,39.39,30032790.0,760300,65536,-1.7626434365883847,-3.0392542045498128
125,2019-11-12,39.46,40.8,39.26,40.75,56996880.0,1415579,65536,0.018191228240982404,-18.70578921676912
126,2019-11-13,40.65,41.97,40.33,41.84,84367800.0,2038979,65536,-0.0950382842899944,0.2691412856727693
127,2019-11-14,41.8,42.58,41.0,41.41,63461156.0,1520935,65536,0.1507700039487414,13.367415306278984
128,2019-11-15,41.41,41.6,40.31,41.6,61746248.0,1507001,65536,-0.7365855407003852,-3.7669090193841677
129,2019-11-18,41.2,42.2,40.7,42.11,56259624.0,1356400,65536,0.7954419422814496,-8.461538764707422
130,2019-11-19,41.69,42.3,41.6,42.05,49680532.0,1181726,65536,1.0007855821368317,7.195460302797563
131,2019-11-20,42.02,42.02,41.1,41.52,45174216.0,1089925,65536,-0.9926425878633016,-6.506359919438688
132,2019-11-21,41.11,41.68,41.1,41.5,25960234.0,627322,65536,-0.4672634127118269,-10.004246157469632
133,2019-11-22,41.37,41.98,40.2,41.15,51151960.0,1245600,65536,-1.0180995475113086,31.69670254844539
134,2019-11-25,40.82,40.88,39.5,39.58,42058816.0,1054735,65536,0.7327272727272627,16.501773416300036
135,2019-11-26,39.58,39.89,39.02,39.86,32695124.0,828125,65536,0.3465516307781247,5.135701504556267
136,2019-11-27,39.64,40.1,39.3,39.85,25720226.0,646200,65536,-0.41190754564259796,-31.454685183198887
137,2019-11-28,39.7,40.0,39.6,39.63,18890540.0,475269,65536,-0.3436869455725744,-14.661932416377056
138,2019-11-29,39.6,41.28,39.28,41.14,56022960.0,1386100,65536,-0.8707246977189831,13.665791411479724
139,2019-12-02,40.39,40.8,40.3,40.73,42492964.0,1048769,65536,0.193017418581376,4.407406413849757
140,2019-12-03,40.28,40.65,39.97,40.46,29041574.0,719869,65536,0.3918082616017449,-4.909993935966639
141,2019-12-04,40.3,40.76,39.95,40.49,25810278.0,638169,65536,-0.032977676450041134,8.248937254691002
142,2019-12-05,40.38,41.13,40.38,41.0,37637596.0,921669,65536,0.7673086014410968,11.756287712927847
143,2019-12-06,41.0,41.13,40.48,40.86,33185218.0,813506,65536,0.5936546234430295,-11.681265179681532
144,2019-12-09,40.61,40.83,40.1,40.22,34579792.0,857006,65536,-0.1778397341116622,21.239867005365237
145,2019-12-10,40.13,40.4,39.9,40.0,31963076.0,797946,65536,0.12655790730211613,-9.53383863880588
146,2019-12-11,40.15,40.41,39.97,40.27,29622320.0,737200,65536,0.060763310241562785,15.652786559714274
147,2019-12-12,40.0,40.11,39.27,39.35,37759816.0,953004,65536,-0.3005572993402095,-15.092545036619875
148,2019-12-13,39.49,39.76,39.37,39.69,23206108.0,586400,65536,1.984055594676959,75.39166337006056
149,2019-12-16,40.25,41.05,40.11,40.78,58079680.0,1430737,65536,0.487120169748656,-0.0569955112947107
150,2019-12-17,40.67,41.2,40.61,41.0,58859552.0,1438888,65536,1.3604845080312566,35.47541809645269
151,2019-12-18,41.0,41.62,40.81,41.14,52576860.0,1276734,65536,-0.22316789549210456,-24.76160556355369
152,2019-12-19,41.1,41.49,41.02,41.28,37598948.0,910743,65536,-0.13960592940850391,-22.101629420057503
153,2019-12-20,41.35,42.09,40.81,41.75,71618464.0,1724948,65536,-0.2458314192418931,2.855884702428635
154,2019-12-23,41.49,41.49,40.71,40.73,48727124.0,1186900,65536,-1.2483664198145503,1.2769966654424314
155,2019-12-24,40.7,41.09,40.58,41.05,32312572.0,790769,65536,0.6518615613420486,-21.8433650870586
156,2019-12-25,41.0,41.1,40.58,41.08,34341448.0,840637,65536,-0.05234212213496292,-1.0940363038302925
157,2019-12-26,41.12,42.4,41.01,42.1,80085648.0,1910037,65536,0.8800086196744106,14.663906434970954
158,2019-12-27,41.99,44.37,41.6,42.58,85267920.0,2006354,65536,-0.09836090005189703,38.64185531152491
159,2019-12-30,42.22,44.08,42.2,43.87,127074488.0,2928860,65536,1.4818387729579332,3.34273966138372
160,2019-12-31,43.55,43.87,42.85,43.11,67829144.0,1569931,65536,0.3662752380789058,-20.970005748743
161,2020-01-02,43.0,43.39,42.79,43.17,72170232.0,1674567,65536,1.3586943255105457,47.74499514693058
162,2020-01-03,42.93,43.01,42.32,42.69,59432488.0,1394441,65536,-0.17508621852300174,-21.57435999359796
163,2020-01-06,42.35,42.76,42.01,42.19,55175800.0,1304000,65536,-0.3780485745373374,22.74351554046328
164,2020-01-07,42.17,43.96,42.13,42.8,39747016.0,928200,65536,0.7490373671082073,-20.43290833578627
165,2020-01-08,42.55,42.83,41.56,41.61,53322316.0,1269090,65536,-1.1516190210637325,20.14267272385024
166,2020-01-09,41.88,42.23,41.7,42.04,40212156.0,957458,65536,1.2657088942494843,-18.318686213663028
167,2020-01-10,42.09,42.46,41.85,42.34,32383014.0,767346,65536,-0.028335618592978395,-17.426580174656458
168,2020-01-13,42.41,42.41,41.81,42.21,26987976.0,642077,65536,0.9800177267912379,5.892384066104484
169,2020-01-14,42.23,42.45,42.0,42.29,34619000.0,819001,65536,-0.33539565983742303,8.044649974966568
170,2020-01-15,42.1,42.25,41.25,41.42,34973236.0,840600,65536,-0.5527591416481292,-19.090239346911474
171,2020-01-16,41.4,41.5,41.07,41.25,26657760.0,646390,65536,-0.4245535467860773,-4.1721907293307146
172,2020-01-17,41.38,41.71,41.0,41.14,25747262.0,621314,65536,0.1400323930355052,-1.5378440833384688
173,2020-01-20,41.1,41.57,41.08,41.48,22489546.0,544041,65536,0.7456346197816988,23.98916322502589
174,2020-01-21,41.48,41.53,41.05,41.26,24391888.0,591800,65536,-1.708621707044944,6.6321514355458975
175,2020-01-22,41.16,41.25,40.41,40.95,23858214.0,584209,65536,0.4282613609572383,-2.8873178432803464
176,2020-01-23,40.53,40.88,39.1,39.45,36946552.0,922500,65536,-3.0985520083834928,26.50612802209185
177,2020-02-03,35.51,35.51,35.51,35.51,6828573.0,192300,65536,-7.880816204200902,-1.7448227883526068
178,2020-02-04,32.81,34.0,32.81,33.6,45518396.0,1358043,65536,2.637486579401127,35.77926332876336
179,2020-02-05,33.73,34.7,33.7,33.98,32918168.0,964300,65536,1.1329656280047784,-18.233626506291717
180,2020-02-06,34.08,34.6,33.76,34.57,37589976.0,1097300,65536,1.8610276006717938,0.8784944385817672
181,2020-02-07,34.53,35.27,34.25,35.16,35590304.0,1024414,65536,0.0023078224925532353,-14.014599781080642
182,2020-02-10,34.98,35.83,34.77,35.79,36454360.0,1031871,65536,0.4138599491777972,-2.1912287987118084
183,2020-02-11,35.7,35.87,35.33,35.4,29799672.0,838900,65536,0.9307943544577312,-3.3457290000983733
184,2020-02-12,35.38,35.91,35.21,35.73,23991104.0,673200,65536,0.8088633408054768,-11.664220399435663
185,2020-02-13,35.65,35.84,34.89,34.91,28472432.0,806800,65536,-0.6151444497707215,14.435700151055574
186,2020-02-14,34.8,35.48,34.8,35.09,22140724.0,630362,65536,0.7022869148871624,-1.2151845545852802
187,2020-02-17,35.0,36.33,34.95,36.29,39444260.0,1099803,65536,2.2491492653715195,27.6034769469768
188,2020-02-18,36.26,36.8,36.01,36.76,40573800.0,1112903,65536,-0.4882989733704157,-10.692011836438363
189,2020-02-19,36.76,37.26,36.51,36.86,44284396.0,1199870,65536,-0.15280307380635128,3.5593944775246467
190,2020-02-20,36.94,37.6,36.72,37.42,38258392.0,1030279,65536,2.304192964744733,25.5469341705928
191,2020-02-21,37.1,37.75,37.1,37.41,33281648.0,888390,65536,0.11653549386438923,2.3469436065588045
192,2020-02-24,37.29,37.29,36.63,37.01,46237236.0,1253305,65536,-0.40125413002560784,-2.0000133140832155
193,2020-02-25,36.11,36.48,35.03,36.1,41675224.0,1158630,65536,-0.2175259627761994,14.703166477695472
194,2020-02-26,35.62,37.52,35.62,36.78,59717212.0,1617471,65536,-1.2325860542939382,6.932211311653092
195,2020-02-27,36.68,37.56,36.68,36.78,37934096.0,1023700,65536,0.29118442826208124,-30.56487753660547
196,2020-02-28,35.2,36.12,34.5,34.5,41132920.0,1163660,65536,-3.5455141889113033,27.019607776296397
197,2020-03-02,34.35,37.32,34.35,36.84,52342720.0,1437671,65536,3.28980596692936,-4.760190890466821
198,2020-03-03,37.5,38.1,36.6,36.8,55283228.0,1482800,65536,0.5329670464681469,0.02563361802905284
199,2020-03-04,36.98,37.88,36.54,37.75,50139164.0,1342600,65536,0.5790250674592379,-16.841448035934327
200,2020-03-05,37.95,38.38,37.8,38.0,54035616.0,1421300,65536,2.2279194663491264,27.078776545263356
201,2020-03-06,37.65,37.65,36.9,37.14,46193624.0,1242300,65536,-1.6216871536799182,-25.60029356865471
202,2020-03-09,36.4,36.49,35.52,35.62,38627640.0,1074940,65536,-3.4162053492682203,20.655845715371047
203,2020-03-10,35.39,36.41,35.02,36.29,30655652.0,858811,65536,2.1415365524763974,-5.134804664452219
204,2020-03-11,36.29,36.66,35.82,35.98,29206856.0,803986,65536,-1.3299924315347875,-18.114143828839516
205,2020-03-12,35.52,35.72,35.0,35.16,26175974.0,744040,65536,-1.9243228751647636,-2.8428575768471913
206,2020-03-13,33.85,34.72,33.15,34.45,28995608.0,853100,65536,-1.4072707300343492,19.888051007720865
207,2020-03-16,35.0,35.65,33.58,33.78,29050180.0,832309,65536,-4.299272715136915,-1.2365918935115627
208,2020-03-17,33.9,34.54,32.86,33.98,18993952.0,566300,65536,-0.4871453710459717,-10.605105946573891
209,2020-03-18,34.18,34.61,33.52,33.55,18689904.0,547600,65536,-1.979146449289415,-6.7421611964270225
210,2020-03-19,33.2,33.83,33.06,33.65,18177500.0,543900,65536,-1.2972119705411678,16.621689712363686
211,2020-03-20,33.86,34.66,33.58,34.54,21757876.0,638500,65536,1.7868038973667402,-22.78911449684138
212,2020-03-23,34.0,36.57,33.66,35.72,67899544.0,1908257,65536,-3.3644291884967203,-1.7866449861392633
213,2020-03-24,36.16,37.15,35.0,37.06,81302608.0,2233117,65536,2.6853165869286317,4.371879439677073
214,2020-03-25,37.48,37.58,36.68,36.72,65266280.0,1761746,65536,2.6870908744838,7.262555973573747
215,2020-03-26,36.52,37.12,35.49,36.5,56854624.0,1568871,65536,-0.6573503970428551,-26.831516306116683
216,2020-03-27,36.62,36.8,35.97,35.99,31833712.0,872800,65536,0.3247657549248828,10.462345673048958
217,2020-03-30,35.35,35.67,34.05,34.48,34127288.0,981800,65536,-0.968987024468604,2.269591663358828
218,2020-03-31,34.92,34.92,33.92,33.93,25601164.0,747600,65536,0.32797058335214396,-12.15640955528523
219,2020-04-01,33.93,34.3,33.65,33.65,17898132.0,527800,65536,-0.30058380536927004,7.087824668733767
220,2020-04-02,33.8,34.37,33.56,34.37,14448129.0,424600,65536,1.6176518606397794,-3.5059230371314865
221,2020-04-03,34.55,34.71,33.9,34.65,22169242.0,644700,65536,-0.5706206671254543,-13.322362250158806
222,2020-04-07,35.0,35.14,34.67,35.11,25642876.0,733200,65536,2.283732178540454,43.02821065523182
223,2020-04-08,34.88,35.14,34.61,34.92,15694482.0,449900,65536,-0.4655057108703953,-21.98413649494953
224,2020-04-09,35.0,35.29,34.92,35.01,14959495.0,426500,65536,0.3298645095414665,-9.789504151975237
225,2020-04-10,35.27,35.27,34.01,34.12,17688788.0,514000,65536,-0.6230209264371345,1.950463627259436
226,2020-04-13,33.8,33.98,33.2,33.27,21007564.0,628000,65536,-0.4223730360449651,-22.833347695517578
227,2020-04-14,33.58,33.7,33.36,33.68,11142535.0,332400,65536,1.930055471776515,39.95307573520326
228,2020-04-15,33.68,34.09,33.6,33.68,12475974.0,368800,65536,-0.7407794651959065,-1.9664212663354832
229,2020-04-16,33.51,33.93,33.4,33.75,10001200.0,296237,65536,0.13219710535741225,-11.537700619601418
230,2020-04-17,33.78,34.19,33.78,34.0,13970554.0,411337,65536,0.9759676833982932,37.57905235405461
231,2020-04-20,34.2,34.65,34.13,34.58,20468240.0,593637,65536,0.363850407215538,-24.23495731400449
232,2020-04-21,34.5,34.87,33.85,34.49,19317492.0,563400,65536,-1.1784214705744978,2.908391564446333
233,2020-04-22,34.1,34.58,34.02,34.54,13251990.0,385509,65536,0.8227307939759232,-16.53916803391714
234,2020-04-23,34.56,34.93,34.33,34.61,13265546.0,384000,65536,-0.2508217472612761,11.186316599135003
235,2020-04-24,34.51,34.58,33.94,34.2,12813917.0,374300,65536,-0.8559305437691789,-0.6955562570641671
236,2020-04-27,34.42,34.88,34.03,34.52,19302906.0,559700,65536,0.6794891716289664,0.6522279949097598
237,2020-04-28,33.98,33.98,31.07,31.5,49204804.0,1540774,65536,0.6900755211535214,27.89647813882559
238,2020-04-29,31.22,31.63,30.83,30.93,20966544.0,671200,65536,0.4645181403686527,-21.490817412717448
239,2020-04-30,31.09,31.8,30.11,31.44,17575880.0,561088,65536,1.1779065587802506,38.6653732492101
240,2020-05-06,31.0,31.68,30.6,31.6,18444780.0,587714,65536,0.6049716555316387,5.220207704612934
241,2020-05-07,31.6,31.76,31.28,31.63,18436002.0,585043,65536,-0.2885995554144261,-24.55461961053779
242,2020-05-08,31.7,32.28,31.55,32.0,21771222.0,681343,65536,0.9867792473164938,10.831382593085694
243,2020-05-11,32.39,32.4,31.88,32.07,14413570.0,449443,65536,-0.08678934913034507,4.900203766198197
244,2020-05-12,31.8,32.06,31.55,31.95,13240230.0,416348,65536,0.0015150826477627886,-19.909099092656323
245,2020-05-13,31.95,32.55,31.88,32.35,20066956.0,620670,65536,0.2022604690624874,-10.23901096781602
246,2020-05-14,32.3,32.3,32.0,32.22,13661508.0,425396,65536,-1.0843570843570904,0.3847742667651088
247,2020-05-15,32.34,32.65,32.08,32.1,18062236.0,558753,65536,-0.3159058600537001,4.618070501838001
248,2020-05-18,31.8,32.39,31.8,32.11,12211544.0,380248,65536,0.2578702828139212,21.791980775479328
249,2020-05-19,32.2,32.5,32.17,32.48,13347417.0,412700,65536,0.8498792987858605,-16.6544127209644
250,2020-05-20,32.39,32.55,32.0,32.04,11507350.0,357000,65536,-0.5315639810426598,7.2071882434528565
251,2020-05-21,32.05,32.39,32.04,32.13,9596839.0,298079,65536,-0.5443151844115368,-5.883569142727307
252,2020-05-22,32.11,32.24,31.18,31.3,14853431.0,468200,65536,-2.2929122591854534,8.978741566097014
253,2020-05-25,31.07,31.45,31.07,31.19,6037027.0,193600,65536,0.13755014304168697,-23.549448840163453
254,2020-05-26,31.4,32.25,31.3,32.13,15702184.0,490808,65536,1.1346662070550242,-2.00579942694048
255,2020-05-27,32.01,32.48,32.01,32.43,15782442.0,488613,65536,-0.7013068165679814,8.087683159488689
256,2020-05-28,32.45,32.57,31.82,32.19,13790794.0,429100,65536,0.286560519657475,11.171925029330687
257,2020-05-29,32.19,32.5,32.04,32.33,14181694.0,438607,65536,0.2694061914158219,0.8056580041097217
258,2020-06-01,25.18,25.79,25.18,25.66,21913176.0,857206,65536,2.6976845219316203,45.45472569546035
259,2020-06-02,25.66,25.76,25.35,25.76,16661040.0,651189,65536,0.3079565083825564,5.750110298763599
260,2020-06-03,25.76,26.14,25.51,25.76,17562316.0,679031,65536,0.00200824888227924,-5.339856964918144
261,2020-06-04,25.79,26.1,25.77,25.88,11740321.0,453155,65536,-0.03664980608236723,-23.66057213513956
262,2020-06-05,25.68,26.07,25.56,25.72,11981066.0,464900,65536,0.4786311049949976,-1.7585680824661498
263,2020-06-08,25.87,25.87,25.49,25.53,11490949.0,448375,65536,0.517338331771322,34.6354018669059
264,2020-06-09,25.5,25.6,25.33,25.5,8489202.0,333315,65536,0.6235781150934372,-16.40108802548802
265,2020-06-10,25.51,25.51,25.08,25.18,11858685.0,470102,65536,-0.1808733812203034,-2.6354145358048036
266,2020-06-11,25.29,25.69,25.05,25.18,12893934.0,510550,65536,-1.0849788722457787,13.399648555256329
267,2020-06-12,24.71,25.08,24.58,24.94,10412960.0,418807,65536,0.18018559115888788,5.386666440026388
268,2020-06-15,24.36,25.36,24.36,24.99,15227493.0,611107,65536,-1.2013249797655834,-2.138228107642459
269,2020-06-16,25.15,27.49,24.9,27.49,85658600.0,3218799,65536,1.5064513437454965,-15.420145461624436
270,2020-06-17,27.94,28.76,27.21,28.2,120375144.0,4292756,65536,0.07522598933384916,-4.903795164873848
271,2020-06-18,28.21,28.4,27.31,27.75,55204452.0,1987893,65536,0.6668176692992578,30.815506637092923
272,2020-06-19,28.0,28.19,27.51,27.76,35121444.0,1264146,65536,1.343345580781241,10.711807252473294
273,2020-06-22,27.85,28.2,27.42,27.45,32346022.0,1168732,65536,0.08148905387304063,1.88462355486696
274,2020-06-23,27.31,27.84,27.01,27.78,40911196.0,1486600,65536,0.4812228032325283,-17.06991357507388
275,2020-06-24,27.67,28.19,27.32,28.01,28496938.0,1024475,65536,0.4172944279063229,-5.816817691253339
276,2020-06-29,27.74,29.13,27.74,28.93,53017352.0,1845149,65536,-0.7071773548619209,7.520502522071171
277,2020-06-30,29.22,29.35,28.7,29.27,38220964.0,1316574,65536,1.319797942438905,-3.768999207386825
278,2020-07-01,29.1,30.38,28.9,30.12,65791356.0,2203809,65536,2.012987636768848,34.98427952316207
279,2020-07-02,30.0,30.61,29.31,30.5,66029216.0,2190901,65536,2.0730828809401687,48.79621712409548
280,2020-07-03,30.4,31.65,30.2,31.54,78621008.0,2518988,65536,1.9318056016827343,14.843941177238973
281,2020-07-06,31.86,32.32,31.5,32.1,70432440.0,2197838,65536,5.667707484840245,39.704381291076935
282,2020-07-07,32.03,32.44,31.25,31.71,66348380.0,2077948,65536,0.6004166943249567,0.04620953288461127
283,2020-07-08,31.35,33.29,31.35,33.08,59229744.0,1815500,65536,1.6148978423330185,-14.269085114569002
284,2020-07-09,33.3,33.5,32.3,33.4,54381348.0,1642202,65536,1.39861751152075,0.8538525623484672
285,2020-07-10,33.43,34.38,33.28,33.68,65846000.0,1938758,65536,-1.810455774597852,-9.713016317737356
286,2020-07-13,33.68,34.86,33.68,34.65,50339048.0,1461674,65536,2.1003002232213186,1.4815586592963337
287,2020-07-14,34.67,35.17,33.2,34.82,63001840.0,1823378,65536,-0.9534387260558552,-7.587068712920619
288,2020-07-15,34.66,34.98,32.62,33.1,50630612.0,1499225,65536,-1.2944458660741454,-8.361193994852378
289,2020-07-16,32.85,34.3,32.2,32.73,52972272.0,1584816,65536,-4.8102317013280835,4.503899470891271
290,2020-07-17,32.9,33.65,32.37,33.41,52219596.0,1571272,65536,0.6299474121228776,-27.14900174309
291,2020-07-20,34.6,34.95,33.72,34.81,46278136.0,1342477,65536,2.983695293418709,18.658587559808094
292,2020-07-21,34.8,37.55,34.6,36.86,86882648.0,2382174,65536,0.2294724697134765,-18.553036325425488
293,2020-07-22,37.0,39.72,36.32,39.1,98445944.0,2560000,65536,0.4990364609979814,11.867112639137645
294,2020-07-23,39.3,39.3,37.25,38.58,81672464.0,2144394,65536,-0.04263487787546927,4.5117723451756575
295,2020-07-24,38.58,39.7,38.0,39.16,104486400.0,2686733,65536,-4.389445807267567,4.093059190015613
296,2020-07-27,39.7,39.7,38.09,38.66,71944664.0,1857000,65536,0.5073697340414851,-29.718370542509494
297,2020-07-28,38.5,39.65,38.04,38.21,48168648.0,1249184,65536,0.8791087458181135,-5.047267057261995
298,2020-07-29,39.08,39.08,37.2,38.94,45004828.0,1170126,65536,2.4243366183185793,14.699900345581618
299,2020-07-30,38.61,41.49,38.61,40.62,75270752.0,1879013,65536,-0.4885648887264726,-10.566810450857343
300,2020-07-31,40.32,43.58,40.07,43.3,101944832.0,2405025,65536,0.83545418425095,10.703551850303672
301,2020-08-03,45.0,47.63,44.02,47.63,127314160.0,2755930,65536,1.6242638523551456,16.19637024055731
302,2020-08-04,50.58,52.39,50.01,52.39,116171088.0,2229650,65536,0.09410413492310088,11.73255762244725
303,2020-08-05,54.0,54.0,47.15,47.15,349266784.0,7260849,65536,0.027429959378522103,-18.032894970282012
304,2020-08-06,46.0,47.44,45.2,46.5,168723296.0,3627291,65536,-0.3003908220660545,15.838216170094244
305,2020-08-07,46.04,46.68,44.5,45.63,111391400.0,2458943,65536,-1.151223240306043,-6.291820400435878
306,2020-08-10,45.95,50.19,45.95,50.19,221821216.0,4521787,65536,0.3598184340039001,-4.556699743126369
307,2020-08-11,49.8,53.18,48.24,51.75,205881040.0,4056863,65536,-0.9119827635469367,0.8625001589880998
308,2020-08-12,55.0,56.93,54.8,56.93,125030984.0,2218591,65536,-0.7292098304490957,-1.2937568178912118
309,2020-08-13,62.62,62.62,51.24,51.43,518597952.0,9355650,65536,-0.25668941656411537,-24.810405646064314
310,2020-08-14,46.5,51.45,46.5,51.0,207679408.0,4270848,65536,1.4867194022059271,-3.446193267454733
311,2020-08-17,51.01,51.81,49.42,51.25,191840608.0,3782079,65536,2.350875626776161,81.95141638884328
312,2020-08-18,51.04,54.0,50.99,53.52,228497472.0,4302320,65536,-0.05129557674294905,-29.42583736342187
313,2020-08-19,53.02,56.02,51.89,55.99,182962752.0,3405704,65536,-1.4976853198580442,1.7463765198845849
314,2020-08-20,55.98,61.59,54.2,61.59,371795520.0,6272000,65536,-1.2979150670368145,-17.706187394302443
315,2020-08-21,62.5,67.13,55.43,62.99,443626016.0,7479087,65536,0.8482309821228329,-9.920382658589366
316,2020-08-24,58.0,61.5,56.9,58.02,169541776.0,2860469,65536,0.784302921904545,5.948251124803039
317,2020-08-25,58.0,58.58,55.0,58.16,202250944.0,3572019,65536,0.1282630865145018,-6.247149397984088
318,2020-08-26,57.1,59.7,56.3,58.99,181948944.0,3139500,65536,-1.172208864015789,6.777514069008419
319,2020-08-27,56.75,59.85,56.72,59.82,136924448.0,2334186,65536,0.5358967984309793,-21.322687035566133
320,2020-08-28,59.82,60.41,58.62,60.0,124255880.0,2080291,65536,2.3866338360087447,33.90116668073724
321,2020-08-31,58.89,59.99,54.8,57.99,175784768.0,3119273,65536,-0.5790346120261747,27.081134028020678
322,2020-09-01,55.64,56.59,46.39,46.39,262301264.0,5283316,65536,0.5377661319457827,-31.679206293735
323,2020-09-02,43.6,46.0,41.01,45.32,201170176.0,4652035,65536,0.0365542365740712,14.158072968349053
324,2020-09-03,43.05,45.49,42.88,44.36,136640976.0,3091593,65536,-0.553067885521763,-7.796923927690291
325,2020-09-04,43.3,43.8,40.7,41.08,155764704.0,3764050,65536,-0.9731996429387046,-17.600187836715918
326,2020-09-07,40.72,41.0,37.46,38.13,174446320.0,4466493,65536,-2.114158256851894,23.80598965636025
327,2020-09-08,37.85,38.27,36.4,37.27,87437200.0,2361025,65536,0.5358324570552409,-6.331137779983552
328,2020-09-09,36.32,37.59,36.05,36.6,86869448.0,2362413,65536,-2.338962037666237,16.57902884762428
329,2020-09-10,37.0,37.0,34.11,35.87,82069896.0,2313500,65536,-0.056929845416942015,-7.163197086080665
330,2020-09-11,35.43,35.95,35.06,35.78,71115504.0,2006732,65536,0.988655559386986,-23.464838155962738
331,2020-09-14,35.94,37.09,35.52,36.61,102212880.0,2811882,65536,0.5136927093238429,-6.9965961860437575
332,2020-09-15,36.8,36.89,35.4,35.7,86359944.0,2410355,65536,0.80476451553948,-4.960362867487733
333,2020-09-16,35.55,35.8,34.22,34.9,84443768.0,2415865,65536,-0.6637545643790711,6.709173271988655
334,2020-09-17,34.83,36.38,34.4,36.15,107939152.0,3042600,65536,-0.5292698009172536,-2.5470503557669444
335,2020-09-18,35.9,39.98,35.18,38.93,238980688.0,6256670,65536,2.2531088714812686,51.36910623490528
336,2020-09-21,38.34,38.44,37.01,37.33,142043936.0,3802378,65536,-0.9638828901287422,-22.3720230716283
337,2020-09-22,36.68,37.49,35.65,36.69,129331272.0,3543904,65536,-1.1866317945701033,-3.9048040368335086
338,2020-09-23,36.65,38.85,35.85,37.56,164940048.0,4406040,65536,0.3574386939789731,-19.926323866663036
339,2020-09-24,36.9,37.2,35.8,35.89,99695368.0,2743945,65536,-1.9186085251906129,17.49740426784534
340,2020-09-25,35.74,36.48,34.87,35.48,95623768.0,2694509,65536,0.15230973883813004,-17.38865580940273
341,2020-09-28,35.47,35.51,34.14,34.69,71550408.0,2064925,65536,0.2601739160878802,-8.565019324001554
342,2020-09-29,34.92,34.92,28.72,30.83,287074656.0,9312449,65536,0.2158488490607624,1.1116836087277315
343,2020-09-30,30.27,32.0,29.8,30.1,124934608.0,4083975,65536,-0.09582298880614903,3.5901889644258
344,2020-10-09,30.5,34.14,30.5,32.49,217792128.0,6645300,65536,2.0434232898809856,24.984297472418408
345,2020-10-12,34.2,38.89,33.2,38.54,401416192.0,11015263,65536,3.0338763634499166,39.92099805499515
346,2020-10-13,37.01,39.97,37.01,39.16,322926560.0,8566343,65536,0.33256205475249434,-25.206747385064954
347,2020-10-14,38.38,38.7,36.13,36.46,265409040.0,7176884,65536,-0.6633327822780477,-3.956024604892749
348,2020-10-15,36.79,36.79,34.18,34.6,169432976.0,4864000,65536,-0.1739094256412499,-1.7353358915962682
349,2020-10-16,34.6,35.48,34.05,35.18,113112584.0,3250650,65536,-0.1471219528459411,6.139355552180348
350,2020-10-19,34.95,35.35,34.03,34.03,106102760.0,3067325,65536,-0.7552674636035928,10.735672957960851
351,2020-10-20,33.96,35.14,33.55,34.99,95545640.0,2774950,65536,0.7986558693215742,-24.1385558236336
352,2020-10-21,35.27,35.27,33.73,34.0,80473488.0,2349425,65536,-0.013351496932290095,5.872162450459538
353,2020-10-22,34.1,34.75,33.0,34.18,73362776.0,2159950,65536,-0.30983782024399664,-2.364814195227793
354,2020-10-23,34.2,34.79,32.91,33.15,87172216.0,2574149,65536,-1.245086835859499,5.4013269602138925
355,2020-10-26,33.65,33.65,32.6,32.75,61612536.0,1869990,65536,-0.5775152644172166,1.4210984181407982
356,2020-10-27,32.69,33.06,32.11,32.36,51826052.0,1595250,65536,0.17138325901040474,-14.478952200771113
357,2020-10-28,32.75,33.04,31.82,32.31,48637664.0,1502065,65536,0.8084217156670848,17.05992719070686
358,2020-10-29,31.5,32.7,31.0,31.92,52451204.0,1642175,65536,0.7525431313815778,7.978588021791898
359,2020-10-30,32.24,32.81,30.37,30.54,72337208.0,2302800,65536,-1.6256295936240341,19.369523276887055
360,2020-11-02,30.7,31.8,30.31,30.9,55755312.0,1799175,65536,0.5430928177572181,2.1926605887171884
361,2020-11-03,30.9,32.14,30.8,31.92,65228648.0,2053150,65536,1.2016954645687417,-4.768247360164201
362,2020-11-04,32.37,32.37,31.36,31.9,53415840.0,1681125,65536,0.755615837373047,-15.724183488538726
363,2020-11-05,32.38,32.75,32.01,32.5,68557256.0,2118825,65536,1.4843175463161051,21.43938671260768
364,2020-11-06,32.52,33.1,32.16,32.39,74168096.0,2279400,65536,0.012486924552379541,10.337521613226873
365,2020-11-09,32.4,33.39,32.4,33.14,86827656.0,2625009,65536,1.957336892003636,28.308528677679657
366,2020-11-10,33.19,34.6,33.09,34.41,118539992.0,3496200,65536,-0.5514569343651909,-10.584162740430793
367,2020-11-11,34.35,34.35,33.33,33.4,64508716.0,1914234,65536,-0.988719952845052,-6.692508908661821
368,2020-11-12,33.6,33.68,32.67,32.85,49360256.0,1494250,65536,0.07258048074374468,-28.184927857737907
369,2020-11-13,32.83,33.45,32.1,32.6,36741372.0,1123500,65536,-1.0514499456041104,13.189273378598454
370,2020-11-16,32.63,32.98,32.27,32.3,32634980.0,1002050,65536,0.974294038317014,11.277996671764877
371,2020-11-17,32.3,32.63,30.95,31.58,54842808.0,1747425,65536,-0.1912658003291101,1.825950195394288
372,2020-11-18,31.43,32.26,31.43,31.84,31415052.0,984550,65536,-0.0637412432402562,8.402775823087241
373,2020-11-19,31.95,32.19,31.52,31.7,26163760.0,825500,65536,0.7424867172151739,-18.594487417765325
374,2020-11-20,31.8,32.09,31.12,31.69,28331024.0,896225,65536,0.31047140923581296,-3.202418365256532
375,2020-11-23,31.88,31.88,31.11,31.32,27660900.0,882225,65536,1.248965769760613,59.130327948672104
376,2020-11-24,31.4,31.57,31.12,31.18,24548616.0,785350,65536,-0.6141821327744212,-23.93086042750212
377,2020-11-25,31.3,31.4,30.6,30.7,23052954.0,743764,65536,-1.2783733960022414,8.747956297757309
378,2020-11-26,30.8,31.29,30.08,30.92,30101066.0,979839,65536,0.18103325391491956,-19.454083877526106
379,2020-11-27,30.91,30.98,30.3,30.46,20195640.0,661600,65536,1.2435995682567036,18.768327402700674
380,2020-11-30,30.28,30.97,30.28,30.45,25516382.0,832224,65536,-0.4119844923576199,61.17474100894
381,2020-12-01,30.29,31.13,30.29,30.75,24489350.0,795874,65536,2.154125296104037,-22.30183756065123
382,2020-12-02,30.82,32.54,30.75,31.79,69110984.0,2175075,65536,0.0007894061692104161,-4.229110831486482
383,2020-12-03,31.5,32.0,31.2,31.32,36364580.0,1158000,65536,-0.19892878428462435,-8.990040272933863
384,2020-12-04,31.55,31.56,30.82,30.9,27099134.0,869925,65536,0.1752006106314763,-18.844876755023122
385,2020-12-07,30.91,31.0,30.46,30.58,18101146.0,590450,65536,-0.8622323289747991,-3.083503536997023
386,2020-12-08,30.47,30.82,30.32,30.33,18181060.0,595825,65536,-0.24610532352097314,-12.025477429457574
387,2020-12-09,30.37,30.67,29.52,29.68,24570530.0,818000,65536,-1.3409502822422923,12.873605312826085
388,2020-12-10,29.7,29.9,29.21,29.3,19262844.0,653650,65536,-0.04390312986829459,-9.360048284959287
389,2020-12-11,29.3,29.5,28.25,28.55,33170908.0,1158500,65536,-1.0302538391629978,26.56047404317239
390,2020-12-14,28.55,28.69,28.09,28.6,19312672.0,677825,65536,0.92460983755418,-24.194717748713444
391,2020-12-15,28.54,29.36,28.54,29.0,24178606.0,835325,65536,0.20790947629507614,-2.035502822016721
392,2020-12-16,29.15,29.15,28.09,28.18,20830304.0,733600,65536,0.17734727305815934,-9.771343350117958
393,2020-12-17,28.18,28.41,27.48,28.19,24762464.0,889075,65536,1.2840466140613185,24.91737043197495
394,2020-12-18,28.19,28.59,27.63,27.65,19491370.0,697075,65536,-0.3489799660387094,-4.0003312504504285
395,2020-12-21,27.65,27.87,27.27,27.47,17718920.0,642275,65536,0.9374056244337404,9.966577174794855
396,2020-12-22,27.29,27.63,26.6,26.79,28939418.0,1068925,65536,-1.6261660761981656,15.292177752569033
397,2020-12-23,26.8,27.11,26.3,26.45,25931074.0,974700,65536,0.8530103106488163,-13.58351355142078
398,2020-12-24,26.46,26.46,25.6,25.73,29334876.0,1130400,0,-0.14179807953472734,-18.442962501166942
399,2020-12-25,25.9,26.55,25.64,26.4,21258206.0,808800,0,0.8397966408134394,5.758074423293191
400,2020-12-28,26.8,26.8,25.51,25.54,21430876.0,827500,0,0.4442672664274783,13.145876487008245
401,2020-12-29,25.54,26.2,25.51,25.55,19096348.0,741000,0,-0.4239388201192296,3.1291484175218987
402,2020-12-30,26.01,26.45,25.69,26.0,21596552.0,832200,0,1.403348046972619,5.260521519672755
403,2020-12-31,26.0,26.49,26.0,26.34,17579724.0,670000,0,1.9082036329787888,15.458931643175644
404,2021-01-04,26.23,26.75,26.0,26.52,19527890.0,737900,0,1.0828412926549902,23.37312737076589
405,2021-01-05,26.0,26.47,26.0,26.19,23601082.0,901500,0,1.9133515069138076,6.244244818164767
406,2021-01-06,26.42,26.48,25.77,25.98,26777342.0,1030300,0,0.9157103181329562,-13.852111525375634
407,2021-01-07,26.12,26.16,24.45,24.59,33867724.0,1357200,0,1.7717948859934165,13.4686340198402
