,Unnamed: 0,open,high,low,adjclose,amount,volume,str07,adjclose_15,true_adjclose_15,buy_profit,sell_profit
53.0,2002-05-15,7.11,7.19,7.07,7.08,20867998.0,2932397,716,7.767143,6.830000000000001,0.0,-0.6871427726745605
65.0,2002-05-31,6.85,6.95,6.8,6.81,10817950.0,1575200,687,7.4053745,7.1,0.5953745269775395,0.0
66.0,2002-06-03,6.78,6.85,6.7,6.81,12130797.0,1788356,681,7.390532,7.8100000000000005,0.5805320167541508,0.0
77.0,2002-06-18,6.9,7.01,6.88,7.0,9731616.0,1394100,689,7.560014,8.06,0.5600137710571289,0.0
78.0,2002-06-19,7.01,7.03,6.9,6.91,4682209.0,674000,700,7.5334334,7.98,0.623433437347412,0.0
79.0,2002-06-20,6.95,7.02,6.92,6.94,4899607.0,704400,691,7.538352,7.94,0.598352012634277,0.0
82.0,2002-06-25,7.95,8.36,7.8,7.9,267020016.0,32860800,781,8.989381,7.849999999999999,0.0,-1.089380836486816
84.0,2002-06-27,7.94,8.39,7.85,8.24,145382192.0,17835600,788,9.065325,8.0,0.0,-0.8253247833251951
86.0,2002-07-01,8.16,8.2,8.01,8.06,52187552.0,6452200,817,8.959573,7.849999999999999,0.0,-0.8995727920532222
89.0,2002-07-04,8.16,8.17,7.97,8.0,33802228.0,4208900,813,8.83841,7.69,0.0,-0.8384103775024414
93.0,2002-07-10,8.03,8.09,7.94,7.98,31722876.0,3973800,806,8.872116,7.71,0.0,-0.8921160888671871
96.0,2002-07-15,7.88,7.9,7.78,7.84,25570894.0,3272300,792,8.644141,7.700000000000001,0.0,-0.80414119720459
99.0,2002-07-18,7.9,8.05,7.86,8.0,33595708.0,4207900,785,8.52884,7.700000000000001,0.0,-0.5288400650024414
108.0,2002-07-31,7.8,7.83,7.7,7.71,6643865.0,853811,778,8.542261,7.74,0.8322611236572266,0.0
128.0,2002-08-28,7.8,7.8,7.72,7.74,4027732.0,520000,780,8.277848,7.179999999999999,0.0,-0.5378482437133787
132.0,2002-09-03,7.63,7.69,7.6,7.61,5388641.0,707055,762,8.237553,7.28,0.0,-0.6275526428222653
135.0,2002-09-06,7.45,7.53,7.38,7.38,7495402.0,1011354,745,8.154015,7.21,0.0,-0.7740145874023439
145.0,2002-09-20,7.28,7.31,7.19,7.22,3386963.0,466300,731,7.8689604,7.050000000000001,0.0,-0.6489603805541995
151.0,2002-10-08,7.2,7.2,7.12,7.16,2438649.0,341249,721,7.8020725,6.95,0.0,-0.6420725250244139
168.0,2002-10-31,7.02,7.06,6.96,6.97,2008655.0,286400,700,7.603558,6.599999999999999,0.0,-0.6335580635070803
174.0,2002-11-08,7.3,7.3,7.06,7.08,15875494.0,2229715,723,7.7858367,6.71,0.0,-0.7058366966247558
179.0,2002-11-15,6.9,7.0,6.69,6.86,10005276.0,1460027,696,7.561936,6.61,0.0,-0.7019359016418454
193.0,2002-12-05,6.65,6.65,6.58,6.6,1422011.0,215517,669,7.2006316,6.5,0.0,-0.6006316184997562
194.0,2002-12-06,6.6,6.7,6.56,6.61,1373360.0,207300,660,7.203754,6.48,0.0,-0.5937539482116696
196.0,2002-12-10,6.55,6.59,6.48,6.5,5677108.0,870992,655,7.1633577,6.4,0.0,-0.6633577346801758
197.0,2002-12-11,6.45,6.52,6.45,6.5,4445069.0,684350,650,7.13194,6.11,0.0,-0.6319398880004883
199.0,2002-12-13,6.49,6.57,6.42,6.54,1837098.0,283719,651,7.102096,6.1,0.0,-0.5620960807800293
200.0,2002-12-16,6.55,6.62,6.48,6.58,4592397.0,700393,654,7.123195,6.06,0.0,-0.5431951713562011
209.0,2002-12-27,6.46,6.5,6.4,6.48,14741710.0,2292949,650,7.1812806,7.02,0.7012806129455562,0.0
213.0,2003-01-03,6.08,6.11,6.02,6.08,5558763.0,915666,611,6.8390503,6.88,0.7590502929687499,0.0
221.0,2003-01-15,7.0,7.0,6.72,6.75,22721548.0,3300676,701,7.3425293,7.08,0.592529296875,0.0
225.0,2003-01-21,7.06,7.06,6.87,6.87,9535829.0,1373231,702,7.4906754,7.01,0.6206754493713378,0.0
229.0,2003-01-27,6.9,7.12,6.86,7.03,19818766.0,2812186,688,7.5962152,7.1,0.5662152481079099,0.0
235.0,2003-02-13,7.25,7.26,7.08,7.09,7575993.0,1056961,719,7.708366,7.0,0.0,-0.6183659172058107
236.0,2003-02-14,7.09,7.15,7.02,7.08,5946539.0,839500,709,7.6711364,6.98,0.0,-0.5911363792419433
237.0,2003-02-17,7.1,7.14,6.98,6.99,5789305.0,824144,708,7.659777,6.9,0.0,-0.6697771644592283
246.0,2003-02-28,7.07,7.07,6.98,7.0,3046412.0,434600,705,7.666284,7.19,0.6662840843200684,0.0
253.0,2003-03-11,6.88,6.95,6.85,6.91,2940696.0,425421,690,7.54683,7.480000000000001,0.6368301773071288,0.0
255.0,2003-03-13,6.94,6.98,6.9,6.94,4758424.0,685200,692,7.5280423,7.51,0.5880423164367672,0.0
260.0,2003-03-20,7.04,7.21,7.04,7.16,16427111.0,2296545,704,7.6658916,7.8100000000000005,0.505891647338867,0.0
263.0,2003-03-25,7.22,7.25,7.16,7.17,4973254.0,690800,725,7.7364097,8.14,0.5664096641540528,0.0
264.0,2003-03-26,7.15,7.18,7.11,7.15,4719246.0,660230,717,7.7357225,7.84,0.5857225418090817,0.0
266.0,2003-03-28,7.35,7.62,7.35,7.38,19107182.0,2548780,741,7.9686923,7.8,0.5886923027038575,0.0
269.0,2003-04-02,7.52,7.58,7.46,7.53,8337224.0,1108813,748,8.07691,7.539999999999999,0.5469100189208982,0.0
270.0,2003-04-03,7.49,7.54,7.4,7.51,6499038.0,870992,753,8.089575,7.249999999999999,0.0,-0.5795748138427737
275.0,2003-04-10,7.77,8.03,7.66,7.81,51312284.0,6526984,772,8.470257,7.46,0.0,-0.6602568054199223
276.0,2003-04-11,7.85,8.01,7.84,7.88,33427012.0,4205722,781,8.515464,7.83,0.0,-0.6354638290405275
285.0,2003-04-24,7.52,7.52,7.18,7.25,22244680.0,3043667,754,8.182491,8.45,0.9324913024902344,0.0
300.0,2003-05-27,8.37,8.5,8.15,8.45,33534704.0,4033641,839,9.0243,8.06,0.0,-0.574299621582032
310.0,2003-06-10,7.82,8.0,7.82,7.84,13384799.0,1690979,778,8.59111,7.82,0.0,-0.7511102294921876
319.0,2003-06-23,7.77,7.88,7.75,7.79,4313191.0,553104,781,8.529364,8.46,0.7393636322021484,0.0
320.0,2003-06-24,7.78,7.8,7.61,7.75,6599173.0,857080,779,8.487259,8.31,0.7372589111328125,0.0
338.0,2003-07-18,8.9,8.94,8.72,8.72,33631392.0,3813300,890,9.358968,8.62,0.0,-0.6389677810668939
343.0,2003-07-25,8.84,9.15,8.7,8.97,70742840.0,7909548,896,9.736941,8.52,0.0,-0.7669413375854486
353.0,2003-08-08,8.69,8.69,8.6,8.62,7841520.0,910095,870,9.40065,8.69,0.7806500244140633,0.0
355.0,2003-08-12,8.7,8.85,8.7,8.79,4059197.0,461298,870,9.377715,8.73,0.0,-0.5877151107788094
359.0,2003-08-18,8.5,8.64,8.48,8.57,3849202.0,451315,852,9.202603,8.3,0.0,-0.6326033401489255
376.0,2003-09-10,8.09,8.38,8.0,8.27,23759692.0,2895845,816,9.069654,8.31,0.7996544647216801,0.0
383.0,2003-09-19,8.03,8.05,8.0,8.02,1736890.0,216900,803,8.582223,9.06,0.5622229385375981,0.0
385.0,2003-09-23,7.81,8.07,7.78,8.02,21799636.0,2787889,786,8.597828,9.14,0.5778279113769536,0.0
390.0,2003-09-30,7.95,8.19,7.8,8.16,26299872.0,3301840,790,8.710623,9.77,0.5506227874755858,0.0
398.0,2003-10-17,9.03,9.14,8.9,9.06,45447736.0,5033838,883,9.608111,10.22,0.5481113815307612,0.0
402.0,2003-10-23,9.6,9.78,9.22,9.36,34623664.0,3613887,960,9.913993,10.4,0.5539928817749029,0.0
408.0,2003-10-31,9.51,9.69,9.35,9.55,27494480.0,2903662,953,10.171611,10.31,0.6216108322143548,0.0
409.0,2003-11-03,9.42,10.0,9.4,9.86,31363980.0,3243952,955,10.340758,10.4,0.48075832366943416,0.0
413.0,2003-11-07,10.35,10.68,10.11,10.22,53083540.0,5099908,1050,10.763322,10.46,0.5433218765258783,0.0
415.0,2003-11-11,10.75,10.8,10.38,10.63,21978218.0,2078091,1063,10.955194,11.16,0.3251944732666008,0.0
419.0,2003-11-17,10.58,10.6,10.3,10.36,7787526.0,743267,1059,10.911302,10.96,0.5513016128540045,0.0
425.0,2003-11-25,10.4,10.45,10.2,10.22,18711546.0,1815506,1040,10.75543,11.45,0.5354302215576165,0.0
427.0,2003-11-27,10.1,10.35,10.1,10.27,8696769.0,852612,1005,10.754805,11.3,0.4848046112060551,0.0
430.0,2003-12-02,10.86,11.22,10.81,11.16,34683744.0,3144083,1083,11.166169,11.81,0.006169166564941264,0.0
432.0,2003-12-04,11.2,11.23,10.9,11.04,21302642.0,1927455,1122,11.283914,11.98,0.2439136123657235,0.0
436.0,2003-12-10,11.2,11.35,11.06,11.22,14723407.0,1316931,1110,11.555407,11.43,0.3354065704345697,0.0
440.0,2003-12-16,11.6,11.65,11.02,11.45,24943516.0,2197092,1170,11.76865,14.22,0.31865005493164134,0.0
446.0,2003-12-24,11.8,12.1,11.74,11.95,29343394.0,2458692,1181,12.073636,15.32,0.12363605499267649,0.0
448.0,2003-12-26,11.9,12.0,11.65,11.96,15548797.0,1308550,1198,12.129185,15.329999999999998,0.16918472290038977,0.0
449.0,2003-12-29,11.7,11.85,11.52,11.78,10990917.0,939912,1196,12.069708,14.3,0.2897078704833991,0.0
450.0,2003-12-30,11.67,11.8,11.6,11.72,11581115.0,990547,1178,12.061207,14.9,0.3412068176269525,0.0
451.0,2003-12-31,11.52,11.72,11.25,11.43,36005580.0,3144469,1172,11.981433,14.639999999999999,0.551432914733887,0.0
457.0,2004-01-09,14.28,15.59,14.28,15.12,138368320.0,9054500,1424,14.102904,14.44,0.0,1.0170956802368156
458.0,2004-01-12,15.12,15.89,14.8,15.46,66046564.0,4275015,1512,14.394558,14.25,0.0,1.0654420471191415
462.0,2004-01-16,15.18,15.6,15.16,15.49,61413672.0,3966896,1532,14.727233,14.73,0.0,0.7627670669555666
466.0,2004-02-03,14.7,14.9,14.31,14.64,28905796.0,1994322,1490,14.680852,14.84,0.04085193634033146,0.0
470.0,2004-02-09,14.73,14.85,14.33,14.79,31815280.0,2182569,1475,14.829535,15.35,0.03953453063964929,0.0
472.0,2004-02-11,14.62,14.7,14.22,14.44,24805428.0,1729180,1477,14.743381,15.2,0.3033805465698247,0.0
473.0,2004-02-12,14.33,14.44,13.48,14.25,20966684.0,1476719,1444,14.5696745,14.960000000000003,0.3196744918823242,0.0
481.0,2004-02-24,14.78,14.88,14.48,14.84,11044223.0,755139,1488,14.906433,15.89,0.06643310546875014,0.0
485.0,2004-03-01,15.24,15.4,15.0,15.35,15767463.0,1036124,1514,15.313095,15.1,0.0,0.036904907226562145
489.0,2004-03-05,15.09,15.09,14.4,14.98,6611442.0,446980,1496,15.314162,15.53,0.33416225433349567,0.0
492.0,2004-03-10,14.87,15.1,14.69,15.09,25969384.0,1733439,1487,15.345199,15.13,0.25519863128662124,0.0
496.0,2004-03-16,15.95,16.08,15.45,15.89,22589844.0,1440925,1594,15.85191,15.699999999999998,0.0,0.03809036254882869
498.0,2004-03-18,15.2,15.6,14.87,15.23,19531732.0,1293716,1558,15.576214,16.35,0.34621383666992145,0.0
501.0,2004-03-23,15.0,15.33,14.89,15.1,19846740.0,1316411,1510,15.720061,15.6,0.620061302185059,0.0
503.0,2004-03-25,15.4,15.56,15.3,15.45,21156008.0,1373250,1549,15.821457,14.170000000000002,0.0,-0.3714569091796882
504.0,2004-03-26,15.4,15.59,15.2,15.53,7850186.0,510792,1545,15.868496,14.47,0.0,-0.33849594116211
505.0,2004-03-29,15.57,15.57,15.18,15.25,3577590.0,234700,1553,15.919512,13.89,0.0,-0.6695117950439453
515.0,2004-04-12,15.8,16.0,15.45,15.94,23847400.0,1526524,1596,16.495892,12.180000000000001,0.0,-0.5558915710449224
519.0,2004-04-16,14.2,14.8,14.11,14.47,18553216.0,1293495,1417,16.101442,11.929999999999998,0.0,-1.6314423370361322
530.0,2004-05-10,12.97,13.02,12.0,12.18,23801948.0,1935870,1298,14.084861,13.049999999999999,1.9048608016967776,0.0
545.0,2004-06-01,12.9,13.2,12.9,13.05,7115498.0,543919,1290,13.252428,11.78,0.0,-0.2024280548095696
552.0,2004-06-10,12.55,12.77,12.3,12.66,4240021.0,333940,1256,13.081151,11.88,0.0,-0.4211510086059569
554.0,2004-06-14,12.45,12.83,12.25,12.46,8069505.0,642059,1245,13.022335,11.959999999999999,0.0,-0.5623350524902335
557.0,2004-06-17,12.77,12.8,12.3,12.35,13731027.0,1098550,1279,12.962176,12.369999999999997,0.6121763229370121,0.0
559.0,2004-06-21,11.6,11.6,11.02,11.59,5779209.0,508759,1167,12.475029,12.290000000000001,0.8850289916992189,0.0
562.0,2004-06-24,11.8,12.1,11.61,11.8,13393388.0,1133220,1188,12.362804,12.830000000000002,0.5628044128417962,0.0
564.0,2004-06-28,11.8,12.14,11.8,11.93,5814198.0,485350,1196,12.312225,12.95,0.3822253417968753,0.0
572.0,2004-07-09,12.3,12.48,12.2,12.37,11641720.0,945250,1224,12.492655,11.3,0.0,-0.12265480041503984
573.0,2004-07-12,12.4,12.55,12.1,12.48,14577989.0,1183100,1237,12.523067,10.97,0.0,-0.04306747436523395
581.0,2004-07-22,12.96,12.96,12.0,12.27,24574912.0,1979606,1275,12.852186,10.94,0.0,-0.5821862030029301
583.0,2004-07-26,12.1,12.12,11.43,11.43,34879320.0,2947910,1220,12.531734,10.88,0.0,-1.1017344665527347
590.0,2004-08-04,10.03,11.0,10.03,10.38,23372128.0,2254500,1016,11.497844,10.9,1.1178437423706047,0.0
597.0,2004-08-13,10.75,11.11,10.72,11.0,29561476.0,2685906,1094,11.294978,11.0,0.0,0.0
599.0,2004-08-17,10.8,11.07,10.77,10.97,6929253.0,636779,1088,11.301916,10.94,0.0,-0.3319161224365228
601.0,2004-08-19,11.0,11.1,10.95,11.03,4213665.0,382390,1105,11.367431,10.85,0.0,-0.33743068695068423
604.0,2004-08-24,11.1,11.19,10.8,10.9,12056245.0,1106786,1110,11.41741,11.08,0.5174098968505856,0.0
607.0,2004-08-27,10.9,11.1,10.9,10.95,5472378.0,498651,1090,11.426246,12.399999999999999,0.47624568939209055,0.0
608.0,2004-08-30,10.94,11.08,10.92,11.0,1035461.0,93972,1095,11.401573,12.8,0.40157318115234375,0.0
610.0,2004-09-01,11.3,11.3,11.0,11.06,1994902.0,180600,1132,11.457338,12.940000000000001,0.3973383331298823,0.0
611.0,2004-09-02,10.93,11.06,10.85,10.93,3043698.0,278001,1106,11.389108,13.18,0.45910770416259794,0.0
612.0,2004-09-03,10.92,11.1,10.92,11.0,2929381.0,266500,1093,11.4532585,13.31,0.4532585144042969,0.0
614.0,2004-09-07,10.81,11.0,10.8,10.94,1914009.0,176641,1088,11.410005,13.58,0.4700046157836919,0.0
620.0,2004-09-15,11.11,11.8,11.05,11.45,35220432.0,3079724,1108,11.730413,12.45,0.28041343688964915,0.0
627.0,2004-09-24,13.25,14.01,13.25,13.31,149039872.0,10939538,1318,13.336686,10.07,0.0,-0.02668613433837841
632.0,2004-10-08,13.42,13.8,13.0,13.77,35623636.0,2659640,1333,13.514391,9.14,0.0,0.25560905456542926
633.0,2004-10-11,13.7,13.79,13.44,13.65,22184680.0,1630440,1377,13.582186,9.02,0.0,0.06781425476074254
635.0,2004-10-13,12.7,12.94,12.3,12.45,15544373.0,1245304,1276,13.0561495,9.22,0.0,-0.6061494827270515
652.0,2004-11-05,9.22,9.46,9.16,9.45,14950631.0,1598198,918,9.878125,9.38,0.0,-0.428125190734864
655.0,2004-11-10,9.35,9.79,9.32,9.7,21398604.0,2223213,941,10.005248,9.35,0.0,-0.3052480697631843
658.0,2004-11-15,9.33,9.78,9.26,9.77,40311636.0,4229907,933,10.127444,9.2,0.0,-0.35744426727294965
677.0,2004-12-10,9.46,9.68,9.35,9.36,18412896.0,1928900,950,9.934076,8.18,0.0,-0.5740763092041021
687.0,2004-12-24,8.0,8.1,7.91,8.09,16795088.0,2093915,806,9.075759,7.38,0.0,-0.9857589340209962
692.0,2004-12-31,8.2,8.21,8.07,8.18,9275701.0,1136499,821,8.699815,8.16,0.0,-0.5198147964477542
694.0,2005-01-05,8.09,8.09,7.77,7.84,23634876.0,2996260,815,8.620267,8.05,0.7802669143676759,0.0
695.0,2005-01-06,7.84,7.84,7.66,7.75,10910298.0,1414195,784,8.547145,7.93,0.797144889831543,0.0
696.0,2005-01-07,7.7,7.9,7.66,7.69,7457146.0,962030,775,8.54246,8.02,0.8524604415893551,0.0
699.0,2005-01-12,7.68,7.93,7.66,7.9,14970206.0,1910689,768,8.491465,8.37,0.5914646148681637,0.0
700.0,2005-01-13,7.88,7.95,7.78,7.89,9964783.0,1267089,790,8.475649,8.71,0.5856488800048831,0.0
709.0,2005-01-26,8.14,8.15,8.0,8.05,22143254.0,2751856,818,8.663099,8.73,0.613099288940429,0.0
716.0,2005-02-04,8.63,9.08,8.53,8.94,42259688.0,4785701,871,9.353267,7.95,0.0,-0.41326671600341847
717.0,2005-02-16,8.98,9.13,8.95,9.07,29428682.0,3259558,894,9.443967,8.05,0.0,-0.3739668655395505
722.0,2005-02-23,8.96,8.96,8.65,8.67,49386748.0,5630105,896,9.530334,7.55,0.0,-0.8603344726562501
723.0,2005-02-24,8.67,8.74,8.49,8.53,44149128.0,5142272,867,9.399406,7.29,0.0,-0.8694064331054694
725.0,2005-02-28,8.75,8.91,8.57,8.85,44496432.0,5071701,873,9.5425205,7.0,0.0,-0.6925205230712894
737.0,2005-03-16,7.7,7.7,7.47,7.55,17898232.0,2368530,765,8.420568,6.56,0.0,-0.8705684661865236
740.0,2005-03-21,7.06,7.15,6.97,7.0,14468956.0,2063300,711,8.032675,6.9,0.0,-1.032674789428711
744.0,2005-03-25,6.66,6.73,6.53,6.57,19395136.0,2935118,669,7.3636165,6.8,0.7936164665222165,0.0
759.0,2005-04-15,6.95,7.0,6.78,6.8,18749612.0,2719300,706,7.6417794,6.450000000000001,0.0,-0.8417794227600099
760.0,2005-04-18,6.71,6.85,6.5,6.8,14992058.0,2252005,680,7.5584283,6.26,0.0,-0.7584282875061037
766.0,2005-04-26,6.35,6.47,6.26,6.41,36135852.0,5645343,636,7.3167405,6.25,0.0,-0.9067405128479002
773.0,2005-05-12,6.35,6.56,6.32,6.49,15049072.0,2319900,637,6.901132,6.32,0.0,-0.41113210678100565
774.0,2005-05-13,6.48,6.51,6.4,6.45,12299487.0,1902600,649,6.973194,6.63,0.523194122314453,0.0
776.0,2005-05-17,6.2,6.32,6.15,6.27,6527097.0,1041902,626,6.9750056,6.959999999999999,0.7050056266784672,0.0
777.0,2005-05-19,6.22,6.5,6.21,6.48,9404125.0,1478124,627,7.0983195,6.82,0.6183195304870601,0.0
784.0,2005-05-30,6.19,6.38,6.15,6.37,4046864.0,644038,619,6.7505126,6.63,0.38051259994506825,0.0
791.0,2005-06-08,6.56,7.0,6.56,6.96,48230320.0,6999723,656,7.334662,6.8,0.0,-0.3746619606018067
795.0,2005-06-14,6.72,6.72,6.55,6.59,19223040.0,2909733,662,7.2886763,6.55,0.0,-0.6986762619018556
801.0,2005-06-22,6.58,6.59,6.5,6.52,5509715.0,841896,658,7.1126385,6.25,0.0,-0.5926384735107426
802.0,2005-06-23,6.5,6.8,6.48,6.72,11071510.0,1653431,652,7.211458,6.309999999999999,0.0,-0.49145820617675806
805.0,2005-06-28,6.75,6.79,6.68,6.7,7928243.0,1179775,682,7.2765713,6.160000000000001,0.0,-0.5765712738037108
813.0,2005-07-08,6.28,6.3,6.18,6.19,1722175.0,277180,630,6.8833284,6.88,0.6933284378051754,0.0
818.0,2005-07-15,6.31,6.31,6.26,6.3,4686563.0,745812,631,6.8450055,7.17,0.545005512237549,0.0
822.0,2005-07-21,6.48,6.5,6.35,6.43,3220347.0,501950,648,6.8839436,7.55,0.4539435577392581,0.0
832.0,2005-08-04,7.06,7.19,7.03,7.09,9605637.0,1348654,713,7.6346645,7.08,0.0,-0.5446645355224611
837.0,2005-08-11,7.08,7.65,7.04,7.55,70079904.0,9492242,711,8.133355,7.5,0.0,-0.5833551406860353
838.0,2005-08-12,7.65,7.66,7.18,7.32,41297884.0,5552303,755,8.074147,7.38,0.7541472244262692,0.0
841.0,2005-08-17,7.13,7.18,7.02,7.13,17387104.0,2449102,714,7.8825097,7.249999999999999,0.7525097084045411,0.0
845.0,2005-08-23,7.12,7.16,6.95,7.01,22160004.0,3148788,711,7.7000647,7.269999999999999,0.6900646591186526,0.0
847.0,2005-08-25,6.81,7.15,6.81,7.08,29023558.0,4124057,705,7.7593913,7.24,0.6793913078308105,0.0
850.0,2005-08-30,7.08,7.35,7.01,7.21,12071590.0,1682202,708,7.803526,7.0,0.0,-0.5935259246826172
862.0,2005-09-15,7.35,7.35,7.23,7.24,6676873.0,918338,732,7.8891497,7.11,0.0,-0.6491496658325193
877.0,2005-10-13,7.16,7.19,7.1,7.11,7504127.0,1051401,724,7.780344,7.75,0.6703440093994137,0.0
882.0,2005-10-20,7.22,7.8,7.16,7.66,21604468.0,2897300,722,7.9927206,7.790000000000001,0.33272060394287095,0.0
883.0,2005-10-21,7.66,7.92,7.53,7.63,18764244.0,2416610,766,8.093176,8.03,0.46317588806152354,0.0
890.0,2005-11-01,7.73,7.85,7.69,7.74,8580567.0,1102765,776,8.37984,8.32,0.6398398971557615,0.0
894.0,2005-11-07,7.8,7.93,7.71,7.76,11963874.0,1534237,786,8.433483,8.14,0.6734831237792971,0.0
896.0,2005-11-09,7.8,7.9,7.7,7.78,13407505.0,1719429,780,8.470181,8.33,0.6901814651489255,0.0
905.0,2005-11-22,8.25,8.41,8.2,8.32,20821944.0,2513004,825,8.921381,8.92,0.6013809967041013,0.0
906.0,2005-11-23,8.25,8.34,8.25,8.29,5413163.0,653800,832,8.907196,8.87,0.6171960449218759,0.0
910.0,2005-11-29,8.14,8.35,8.08,8.3,13614278.0,1645491,814,8.907189,9.06,0.6071893692016594,0.0
914.0,2005-12-05,8.3,8.35,8.1,8.34,5429002.0,660948,835,8.909618,9.57,0.569618377685547,0.0
921.0,2005-12-14,8.72,8.96,8.72,8.87,12098969.0,1360692,892,9.229935,10.0,0.3599346923828133,0.0
927.0,2005-12-23,9.6,9.68,9.41,9.49,28946448.0,3038479,968,9.907121,11.8,0.4171207046508787,0.0
930.0,2005-12-28,9.57,9.67,9.47,9.56,17455636.0,1828259,957,10.077591,9.89,0.517590942382812,0.0
946.0,2006-03-03,9.81,10.0,9.69,9.94,28642816.0,2912694,989,11.111242,9.66,0.0,-1.171242294311524
957.0,2006-03-20,10.1,10.28,9.91,10.27,6740971.0,667501,1010,10.67709,9.75,0.0,-0.4070896911621098
959.0,2006-03-22,10.03,10.15,9.73,10.1,24181504.0,2420368,1003,10.593858,9.68,0.0,-0.49385776519775426
961.0,2006-03-24,9.76,9.8,9.55,9.66,14354948.0,1490417,976,10.349965,10.16,0.6899650955200194,0.0
962.0,2006-03-27,9.66,10.2,9.56,10.19,22809078.0,2270091,966,10.585326,10.05,0.0,-0.3953261947631841
964.0,2006-03-29,10.26,10.46,10.15,10.38,15984414.0,1539491,1026,10.725034,10.72,0.3450337600708,0.0
970.0,2006-04-06,9.86,10.19,9.86,9.89,40037776.0,4002887,986,10.598926,11.560000000000002,0.7089255905151362,0.0
971.0,2006-04-07,9.89,9.93,9.45,9.66,32963160.0,3424207,989,10.431586,11.19,0.7715862655639647,0.0
973.0,2006-04-11,9.75,9.82,9.52,9.62,32439900.0,3374843,975,10.388014,12.509999999999998,0.7680138397216805,0.0
976.0,2006-04-14,9.66,10.28,9.5,10.16,46262104.0,4661951,966,10.54043,13.43,0.3804300689697264,0.0
977.0,2006-04-17,10.16,10.31,10.03,10.05,32382834.0,3174249,1016,10.584856,13.62,0.5348560333251946,0.0
986.0,2006-04-28,11.2,11.5,10.7,11.19,76641464.0,6886460,1156,11.751357,14.92,0.5613570785522466,0.0
988.0,2006-05-09,12.49,13.0,12.49,12.51,64984392.0,5103043,1231,12.47573,14.26,-0.03427005767822244,0.0
995.0,2006-05-18,12.6,14.48,12.6,14.48,107199352.0,7792226,1316,13.72058,12.16,0.0,0.7594198989868168
997.0,2006-05-22,15.0,15.29,14.01,14.12,50120072.0,3402242,1491,13.965018,12.79,0.0,0.15498172760009687
1007.0,2006-06-05,13.72,14.0,13.0,13.94,67390840.0,4984878,1372,14.232016,13.159999999999998,0.0,-0.29201560974121143
1016.0,2006-06-19,12.59,13.3,12.4,12.92,37892264.0,2934428,1224,13.254518,14.58,0.3345175552368165,0.0
1019.0,2006-06-22,12.02,12.37,12.02,12.25,42289552.0,3473760,1210,12.784605,14.99,0.5346050262451172,0.0
1022.0,2006-06-27,12.6,13.25,12.56,13.16,76357096.0,5850502,1254,13.139324,14.12,-0.020675811767578267,0.0
1023.0,2006-06-28,13.16,13.7,12.85,13.52,83155696.0,6241615,1316,13.315803,14.26,-0.20419742584228473,0.0
1036.0,2006-07-19,14.87,14.87,13.9,14.1,42450728.0,2968503,1469,14.437729,14.15,0.33772888183593786,0.0
1039.0,2006-07-24,14.25,14.25,13.5,13.89,34200172.0,2474611,1426,14.384613,13.8,0.0,-0.49461303710937443
1042.0,2006-07-27,14.35,14.48,13.75,14.3,21794840.0,1562300,1433,14.352055,14.02,0.0,-0.052054595947264914
1043.0,2006-07-28,14.01,14.1,13.0,13.35,50343840.0,3747674,1430,14.100681,14.0,0.750681304931641,0.0
1050.0,2006-08-08,13.2,13.7,13.18,13.62,22103236.0,1650880,1310,13.783364,14.609999999999998,0.16336429595947344,0.0
1051.0,2006-08-09,13.69,14.3,13.46,14.15,49470052.0,3582023,1362,14.036907,14.639999999999999,-0.11309280395507848,0.0
1053.0,2006-08-11,14.0,14.1,13.8,14.03,9325060.0,666689,1398,13.87646,14.3,-0.1535399246215814,0.0
1054.0,2006-08-14,14.1,14.18,13.6,13.8,15620474.0,1127978,1403,13.857906,14.680000000000001,0.057906341552733664,0.0
1055.0,2006-08-15,13.8,14.0,13.65,13.94,7381519.0,535375,1380,13.93637,15.13,-0.003630104064940909,0.0
1062.0,2006-08-24,14.25,14.28,14.01,14.18,7754984.0,547879,1430,14.352668,16.19,0.17266780853271513,0.0
1065.0,2006-08-29,14.66,15.0,14.6,14.61,15166496.0,1020100,1487,14.688014,16.75,0.07801403045654354,0.0
1073.0,2006-09-08,15.01,15.8,15.01,15.56,48449564.0,3106250,1490,15.254842,15.5,0.0,0.30515819549560597
1079.0,2006-09-18,16.57,16.98,16.21,16.86,20189664.0,1207381,1645,16.347887,16.25,0.0,0.5121129608154291
1092.0,2006-10-12,16.68,16.81,16.45,16.8,37919284.0,2282886,1640,16.879673,18.01,0.07967300415038991,0.0
1093.0,2006-10-13,16.55,16.8,16.3,16.73,13398653.0,802820,1680,16.783016,18.2,0.05301620483398395,0.0
1095.0,2006-10-17,16.25,16.7,16.0,16.58,7634543.0,463220,1625,16.775425,17.72,0.19542495727539233,0.0
1097.0,2006-10-19,17.0,17.5,17.0,17.35,35323024.0,2044483,1705,17.442204,17.95,0.0922035217285142,0.0
1104.0,2006-10-30,18.0,18.25,17.18,17.66,19780188.0,1138157,1780,18.90447,18.41,1.2444704437255858,0.0
1118.0,2006-11-17,18.1,18.68,17.9,18.17,38885776.0,2137610,1804,21.595835,23.87,3.4258347320556624,0.0
1122.0,2006-11-23,21.18,22.12,21.18,21.53,89826520.0,4164427,2113,23.866417,28.889999999999997,2.3364169311523426,0.0
1124.0,2006-11-27,21.4,23.5,21.4,23.34,138664400.0,6024832,2136,24.715479,28.889999999999997,1.3754788970947267,0.0
1130.0,2006-12-05,25.12,26.58,25.12,26.1,54260392.0,2085942,2500,27.16812,28.99,1.0681194305419908,0.0
1131.0,2006-12-06,26.05,26.45,24.0,25.53,63194888.0,2497670,2610,27.223873,30.0,1.6938731384277332,0.0
1136.0,2006-12-14,25.1,26.3,24.3,26.27,59428616.0,2372616,2502,28.566761,28.3,2.2967610168457036,0.0
1137.0,2006-12-18,26.6,28.9,26.3,28.89,121564136.0,4252489,2627,29.961493,28.010000000000005,0.0,-1.0714925384521479
1138.0,2006-12-19,28.89,29.75,27.52,28.35,50541436.0,1786354,2889,30.437098,27.39,0.0,-2.087097549438475
1141.0,2006-12-22,28.2,29.4,27.2,29.25,32335296.0,1119953,2886,31.500654,27.41,0.0,-2.2506542205810547
1142.0,2006-12-25,29.04,29.55,28.5,29.25,41400840.0,1417783,2925,32.091564,30.15,2.841564178466797,0.0
1144.0,2006-12-27,28.49,29.2,27.83,28.96,84292888.0,2958856,2867,32.390846,31.41,3.4308462524414054,0.0
1149.0,2007-01-08,27.02,28.88,27.02,28.77,51030768.0,1784321,2749,32.301277,34.37,3.5312771606445317,0.0
1150.0,2007-01-09,28.77,28.8,27.96,28.25,59707836.0,2117620,2877,32.22632,34.08,3.976318359375,0.0
1152.0,2007-01-11,28.5,29.0,27.7,28.01,107562056.0,3849643,2830,31.82689,32.8,3.8168909454345687,0.0
1153.0,2007-01-12,27.9,28.19,27.3,27.39,61144956.0,2217310,2801,31.06646,31.08,3.676459655761718,0.0
1156.0,2007-01-17,29.48,30.3,26.4,27.41,149170080.0,5276107,2933,30.284136,29.63,2.874135818481445,0.0
1158.0,2007-01-19,30.15,31.2,29.9,30.6,102092448.0,3334308,3015,30.41447,28.29,0.0,0.18552932739257955
1165.0,2007-01-30,34.37,34.5,33.2,34.08,32584264.0,957642,3437,30.76875,28.3,0.0,3.3112507629394514
1169.0,2007-02-05,30.1,30.9,28.9,29.51,75213560.0,2524364,3108,32.906273,28.74,0.0,-3.396272888183592
1172.0,2007-02-08,29.63,30.59,28.35,28.59,107834320.0,3731412,2963,34.45796,33.14,5.867958221435547,0.0
1176.0,2007-02-14,30.8,31.2,30.3,30.81,45924984.0,1487424,3076,36.384754,36.13,5.574754180908204,0.0
1177.0,2007-02-15,31.0,31.44,30.58,31.13,31878040.0,1023486,3081,36.526913,35.53,5.396912689208985,0.0
1181.0,2007-02-28,28.6,29.39,27.18,29.05,19519278.0,681780,2830,34.394737,35.62,5.344737243652343,0.0
1185.0,2007-03-06,28.69,29.4,27.9,29.01,19755348.0,686989,2874,32.427753,34.29,3.4177534484863266,0.0
1193.0,2007-03-16,35.15,35.5,33.8,33.85,53980472.0,1578105,3553,36.731194,35.01,2.8811935424804673,0.0
1197.0,2007-03-22,35.05,35.6,34.2,34.57,38047596.0,1096795,3562,38.565384,38.86,3.995383911132812,0.0
1203.0,2007-03-30,33.09,33.96,32.71,33.0,43215148.0,1306062,3340,39.9806,38.34,6.980598449707031,0.0
1205.0,2007-04-03,34.19,35.4,34.18,35.21,140178448.0,4010061,3419,41.93337,37.95,6.723368682861327,0.0
1207.0,2007-04-05,34.79,36.06,34.31,35.78,94389056.0,2693423,3481,41.717426,39.56,5.937426300048827,0.0
1214.0,2007-04-16,39.88,41.9,39.61,41.49,151058368.0,3764739,4002,44.521496,42.92000000000001,3.031495819091795,0.0
1223.0,2007-04-27,39.6,40.2,38.6,39.36,202173760.0,5134988,3956,50.900444,50.49,11.54044403076172,0.0
1228.0,2007-05-11,39.48,39.48,37.9,39.02,142198320.0,3695166,3950,51.863964,51.099999999999994,12.843964080810544,0.0
1229.0,2007-05-14,40.0,42.92,39.98,42.92,366986112.0,8769607,3902,53.10775,50.43999999999999,10.187749938964842,0.0
1242.0,2007-05-31,50.5,55.55,50.5,55.05,104329128.0,1980020,5050,56.770836,55.84,1.7208358764648466,0.0
1246.0,2007-06-06,50.1,50.15,48.79,49.92,108396296.0,2179266,4995,54.613205,55.03,4.693204956054686,0.0
1254.0,2007-06-19,55.3,57.0,53.87,54.21,75102752.0,1362076,5491,50.593235,50.43999999999999,0.0,3.6167649841308602
1259.0,2007-06-26,54.8,55.0,52.0,53.9,140957712.0,2636217,5480,46.407455,49.43999999999999,0.0,7.492544555664061
1265.0,2007-07-04,56.69,56.69,53.7,54.48,158213152.0,2859755,5700,50.079666,51.74999999999999,0.0,4.400333862304684
1268.0,2007-07-09,52.12,54.2,51.8,53.82,206113296.0,3954287,5247,49.88018,51.09,0.0,3.9398196411132815
1277.0,2007-07-20,47.15,49.8,46.91,49.45,154130848.0,3230537,4715,53.14421,54.999999999999986,3.6942108154296847,0.0
1284.0,2007-07-31,51.12,52.41,50.8,51.94,146048832.0,2826549,5109,61.024143,59.88,9.084143218994143,0.0
1288.0,2007-08-06,50.7,52.6,49.9,51.94,190853232.0,3711581,5087,62.333145,65.39,10.393145141601565,0.0
1290.0,2007-08-08,53.99,53.99,52.01,52.49,193348640.0,3664809,5394,63.13602,63.40999999999999,10.646020660400389,0.0
1295.0,2007-08-16,57.5,57.99,53.98,55.01,258294736.0,4667069,5707,67.544815,66.42,12.534815063476564,0.0
1298.0,2007-08-21,55.8,59.0,55.5,58.06,230105392.0,3997091,5499,68.65546,69.13,10.595456542968748,0.0
1300.0,2007-08-23,60.0,65.87,60.0,65.87,319747808.0,4984115,5988,75.53854,81.87,9.66854370117187,0.0
1305.0,2007-08-30,61.0,65.0,61.0,63.41,99429552.0,1560413,6158,84.34455,86.97000000000001,20.934551086425785,0.0
1309.0,2007-09-06,66.69,68.1,66.68,66.73,247584832.0,3682412,6667,85.13306,81.4,18.403056640624996,0.0
1315.0,2007-09-14,74.75,81.87,74.75,81.87,270686240.0,3428910,7443,89.12052,90.62,7.250521545410152,0.0
1316.0,2007-09-17,80.9,85.5,79.0,83.11,151295376.0,1834115,8187,89.42398,87.68,6.313980712890626,0.0
1317.0,2007-09-18,83.17,83.2,77.03,81.59,88244944.0,1103501,8311,87.41222,89.25,5.822216186523434,0.0
1321.0,2007-09-24,84.13,90.0,84.0,85.0,76080208.0,869837,8697,84.272934,83.19999999999999,0.0,0.7270660400390625
1325.0,2007-09-28,82.1,83.69,80.6,83.52,69153264.0,843933,8140,82.45938,79.92,0.0,1.060618896484371
1331.0,2007-10-15,92.5,92.5,86.62,87.68,192632896.0,2178832,9062,74.04814,72.48999999999998,0.0,13.63185852050782
1336.0,2007-10-22,84.94,84.98,82.58,83.2,39292372.0,471524,8607,73.01583,65.02,0.0,10.184169006347659
1337.0,2007-10-23,83.0,84.0,80.8,83.52,86274944.0,1053207,8320,67.33321,64.0,0.0,16.186786193847652
1338.0,2007-10-24,83.1,85.5,81.5,84.78,26435032.0,312747,8352,68.17317,70.2,0.0,16.60682800292969
1340.0,2007-10-26,78.1,81.0,77.68,79.92,68885632.0,868965,8100,70.4266,71.0,0.0,9.493402404785158
1349.0,2007-11-08,69.8,69.8,66.04,68.8,63125896.0,939724,7000,69.0362,65.07,0.0,-0.2362014770507841
1355.0,2007-11-16,71.28,71.37,67.5,71.0,72982480.0,1054034,7128,67.548294,69.57,0.0,3.4517059326171875
1356.0,2007-11-19,69.5,72.88,68.86,70.04,74555080.0,1051217,7100,67.03405,69.33,0.0,3.0059500122070375
1357.0,2007-11-20,69.5,70.5,68.52,70.41,76506672.0,1098480,7004,66.52724,68.54999999999998,0.0,3.882763061523434
1360.0,2007-11-23,65.8,68.3,65.8,66.84,24437102.0,363945,6723,65.30942,63.94,0.0,1.5305822753906284
1361.0,2007-11-26,67.0,71.38,66.82,67.5,88252544.0,1291403,6684,65.220825,61.790000000000006,0.0,2.2791748046875
1362.0,2007-11-27,67.5,68.2,67.0,67.6,78879272.0,1166202,6750,66.00822,61.92,0.0,1.591783142089838
1366.0,2007-12-03,63.0,66.9,62.58,66.47,151154912.0,2317841,6478,69.69647,71.1,3.226472167968751,0.0
1370.0,2007-12-07,68.35,71.8,68.35,69.57,131761360.0,1873493,6825,73.80475,72.81999999999998,4.234748535156257,0.0
1372.0,2007-12-11,69.26,70.69,68.01,68.55,188234912.0,2731673,6933,75.1359,73.54999999999998,6.585902404785159,0.0
1375.0,2007-12-14,62.1,64.48,61.85,63.94,104045592.0,1666975,6295,75.71715,72.98999999999998,11.77714782714844,0.0
1380.0,2007-12-21,66.98,69.0,66.97,67.92,71379944.0,1053010,6797,74.053856,78.36999999999999,6.133855895996092,0.0
1386.0,2008-01-02,71.8,75.3,71.15,75.12,95663744.0,1287812,7282,67.81102,65.0,0.0,7.308980102539067
1388.0,2008-01-04,74.2,75.4,73.0,74.59,144172768.0,1929533,7355,67.42908,68.46,0.0,7.160922851562503
1395.0,2008-01-15,81.89,82.8,78.0,78.37,187882880.0,2363154,8119,71.793724,72.98999999999998,0.0,6.576275939941411
1398.0,2008-01-18,73.0,75.0,72.0,73.49,86734688.0,1193727,7338,70.9756,75.03,-2.5143988037109324,0.0
1403.0,2008-01-25,64.34,69.0,63.5,68.46,70146600.0,1058353,6435,71.08715,64.0,0.0,-2.627150573730475
1404.0,2008-01-28,68.4,73.5,64.5,68.96,177922016.0,2597245,6846,70.40586,62.0,0.0,-1.4458609008789125
1414.0,2008-02-19,75.87,77.38,74.1,77.02,39297216.0,521378,7503,61.684124,58.97999999999998,0.0,15.335876007080074
1417.0,2008-02-22,72.3,72.5,67.43,68.27,50990576.0,740457,7199,53.4644,53.93999999999999,0.0,14.805598754882809
1419.0,2008-02-26,65.9,67.0,59.81,62.0,97109848.0,1543090,6400,47.395473,45.0,0.0,14.60452651977539
1422.0,2008-02-29,65.7,67.0,64.99,66.6,22331292.0,338525,6574,43.720264,47.99,0.0,22.87973556518554
1430.0,2008-03-12,59.95,60.5,56.53,57.89,125411568.0,2163200,5898,59.6388,52.57999999999999,0.0,-1.7488015747070307
1435.0,2008-03-19,46.5,47.5,45.0,46.65,105217856.0,2283464,4500,54.165634,52.12,7.515634155273439,0.0
1443.0,2008-03-31,52.2,53.97,51.0,53.5,54758200.0,1036064,5319,57.251984,54.309999999999995,3.751983642578125,0.0
1446.0,2008-04-03,52.74,57.84,52.74,56.4,302602144.0,5463972,5258,60.252987,59.88999999999999,3.852986907958986,0.0
1449.0,2008-04-09,56.97,56.97,51.44,51.44,455289312.0,8678098,5715,61.701252,60.029999999999994,10.26125198364258,0.0
1456.0,2008-04-18,51.95,52.25,48.0,51.51,86121176.0,1683612,5170,62.40257,64.19,10.892568817138674,0.0
1459.0,2008-04-23,53.21,57.5,53.21,57.32,106471704.0,1894525,5431,62.00147,58.63,4.681468658447265,0.0
1460.0,2008-04-24,63.05,63.05,59.79,62.81,350750112.0,5676869,5732,61.717854,57.05999999999999,0.0,1.0921464538574241
1461.0,2008-04-25,61.45,62.76,59.73,59.89,210442320.0,3459829,6281,60.12369,56.01,0.0,-0.23369155883789006
1483.0,2008-06-05,54.5,54.52,51.96,52.21,215510912.0,4078689,5552,39.433247,40.63,0.0,12.776753387451173
1485.0,2008-06-10,50.5,51.2,47.99,48.25,215180240.0,4379983,5332,37.487045,38.0,0.0,10.762954711914062
1489.0,2008-06-16,48.0,49.11,46.9,48.97,216003888.0,4492989,4756,36.86261,40.62,0.0,12.107390136718749
1490.0,2008-06-17,48.3,49.23,46.8,47.84,180125920.0,3766479,4897,37.90356,39.74,0.0,9.936439361572269
1492.0,2008-06-19,48.79,48.79,44.4,44.6,168406384.0,3701313,4933,40.361668,42.68,0.0,4.238332366943361
1495.0,2008-06-24,40.18,41.0,38.61,40.44,195817552.0,4893641,4108,37.76091,40.6,-2.6790899658203102,0.0
1501.0,2008-07-02,38.45,38.51,36.99,37.75,172207568.0,4596894,3800,38.363377,38.03,0.6133766174316406,0.0
1502.0,2008-07-03,36.9,40.13,35.82,39.13,252680176.0,6634698,3775,39.294575,40.76,0.16457473754882557,0.0
1505.0,2008-07-08,40.62,40.92,38.8,39.74,172350368.0,4373966,4062,38.135666,37.75,0.0,1.6043341064453145
1519.0,2008-07-28,39.62,40.15,38.88,39.05,224227280.0,5710744,3949,28.344013,26.23,0.0,10.705986785888669
1521.0,2008-07-30,38.23,38.45,37.52,37.83,220687744.0,5812373,3775,26.897528,28.6,0.0,10.93247230529785
1532.0,2008-08-14,30.1,30.36,29.52,30.11,50359708.0,1679956,3020,30.236212,27.509999999999998,0.0,-0.126211776733399
1539.0,2008-08-25,26.98,28.32,26.5,27.93,127447184.0,4574051,2689,25.424938,22.22,0.0,2.505061798095703
1547.0,2008-09-04,28.58,28.58,27.31,27.51,54578784.0,1958516,2846,21.647966,26.23,0.0,5.862033615112306
1550.0,2008-09-09,27.5,28.48,26.42,28.23,130617656.0,4775452,2776,24.39657,22.28,0.0,3.833429794311524
1552.0,2008-09-11,27.5,27.5,24.96,24.96,181118832.0,7164528,2773,23.694508,21.26,0.0,1.2654924011230477
1558.0,2008-09-22,24.6,24.87,23.8,24.5,299124832.0,12231340,2261,19.166473,18.34,0.0,5.333526611328125
1560.0,2008-09-24,22.29,23.3,22.05,23.25,48996740.0,2174419,2293,18.46859,17.3,0.0,4.781410217285156
1564.0,2008-10-07,23.5,25.5,22.91,24.75,89574504.0,3778982,2488,19.325865,15.24,0.0,5.424135208129883
1568.0,2008-10-13,20.94,22.71,20.3,22.54,82936272.0,3892017,2126,22.404049,17.49,0.0,0.13595108032226477
1571.0,2008-10-16,19.6,19.98,19.16,19.16,153449568.0,7959069,2129,23.310484,18.49,0.0,-4.150483932495117
1573.0,2008-10-20,17.81,18.58,17.3,18.34,109582512.0,6127436,1815,24.82571,20.74,6.4857102966308595,0.0
1574.0,2008-10-21,18.41,18.9,18.31,18.39,115010304.0,6199185,1834,25.568525,21.83,7.178525314331054,0.0
1580.0,2008-10-29,15.47,15.95,15.23,15.24,108897888.0,6999784,1524,23.339083,24.640000000000004,8.099082717895508,0.0
1586.0,2008-11-06,18.37,19.33,17.85,18.49,351718592.0,18836590,1837,23.976685,26.61,5.486684570312502,0.0
1590.0,2008-11-12,21.02,23.08,21.02,22.94,562607616.0,25383062,2183,25.8242,27.43,2.8841996765136706,0.0
1593.0,2008-11-17,24.0,26.15,23.5,25.65,510375648.0,20289561,2446,27.440546,27.89,1.790546035766603,0.0
1597.0,2008-11-21,23.0,26.31,22.9,25.39,503322400.0,20335946,2403,27.398159,25.81,2.008159027099609,0.0
1603.0,2008-12-01,26.55,28.4,25.7,27.66,313460896.0,11636062,2657,26.268774,27.2,0.0,1.3912259674072267
1609.0,2008-12-09,28.3,29.63,27.92,28.11,474780192.0,16535524,0,27.682264,25.85,0.0,0.42773567199706974
1619.0,2008-12-23,27.41,27.5,25.68,25.72,227685456.0,8664438,0,29.8576,28.71,4.137599258422853,0.0
1621.0,2008-12-25,25.4,26.0,24.99,25.45,88311312.0,3460751,0,29.630335,28.99,4.180334854125977,0.0
1623.0,2008-12-29,25.08,26.0,24.45,25.84,131555136.0,5212200,2518,29.140589,28.6,3.3005887603759767,0.0
1625.0,2008-12-31,25.91,26.2,25.71,25.93,79161464.0,3040300,2585,28.638336,28.79,2.7083361816406253,0.0
1631.0,2009-01-12,29.97,29.97,28.85,28.92,168376736.0,5754600,3018,31.489296,31.959999999999997,2.5692959594726545,0.0
1637.0,2009-01-20,28.95,29.15,28.51,29.05,137337344.0,4769200,2899,33.611332,34.7,4.561331939697265,0.0
1639.0,2009-01-22,28.9,29.39,28.5,29.33,220239280.0,7571600,2860,33.720135,37.0,4.390134735107424,0.0
1652.0,2009-02-18,32.8,34.87,32.51,34.7,740048576.0,21958500,3450,35.54486,33.13,0.0,-0.8448608398437472
1656.0,2009-02-24,36.99,37.4,35.0,35.41,291756192.0,8032100,3699,38.33076,35.67,2.9207609558105503,0.0
1659.0,2009-02-27,32.3,32.4,29.58,31.53,301651584.0,9683900,3237,37.194954,35.04,5.66495391845703,0.0
1662.0,2009-03-04,34.0,36.5,33.8,36.37,547889920.0,15499700,3410,38.86593,35.41,0.0,-2.4959286499023463
1680.0,2009-03-30,36.3,36.32,35.5,35.7,213630448.0,5961800,3602,37.6486,37.08,1.948601531982419,0.0
1682.0,2009-04-01,35.0,35.5,34.4,34.9,483456736.0,13919800,3508,39.17742,37.52,4.27742156982422,0.0
1688.0,2009-04-10,34.98,35.7,34.98,35.51,565183680.0,15957600,3470,43.287132,45.870000000000005,7.777132263183596,0.0
1695.0,2009-04-21,37.38,37.47,36.82,37.08,147491824.0,3978300,3777,41.91439,43.13,4.8343905639648455,0.0
1698.0,2009-04-24,37.88,39.2,37.88,38.54,512944576.0,13204800,3752,39.828278,44.61999999999999,1.2882775878906259,0.0
1704.0,2009-05-05,45.9,46.56,44.8,45.56,160583152.0,3513300,4587,42.470604,40.63,0.0,3.0893960571289085
1705.0,2009-05-06,44.6,46.0,44.5,45.57,129584040.0,2880000,4556,42.85142,41.53,0.0,2.7185786437988284
1709.0,2009-05-12,42.0,43.09,41.68,42.63,169726080.0,4028500,4253,41.331978,41.95,0.0,1.2980221557617213
1710.0,2009-05-13,42.63,43.53,41.71,43.13,102316880.0,2405500,4263,40.24943,40.56,0.0,2.8805683898925807
1712.0,2009-05-15,42.89,45.05,42.85,45.03,216918384.0,4879700,4270,40.979103,41.97,0.0,4.050896911621095
1714.0,2009-05-19,45.05,46.1,44.61,44.74,193858400.0,4255100,4462,42.853855,39.84,0.0,1.8861448669433614
1719.0,2009-05-26,42.49,42.49,40.5,40.63,389129568.0,9483805,4248,40.26916,41.31,-0.3608387756347682,0.0
1721.0,2009-06-01,42.19,43.4,42.19,43.31,264672448.0,6161516,4153,41.02852,40.63,0.0,2.2814813232421898
1722.0,2009-06-02,43.02,43.3,42.59,42.77,133819928.0,3121595,4331,41.30537,42.26,0.0,1.4646296691894563
1724.0,2009-06-04,42.0,42.43,40.68,41.95,399277184.0,9639288,4244,40.60267,41.9,0.0,1.3473312377929716
1730.0,2009-06-15,39.84,40.88,39.8,40.17,140499264.0,3494369,3984,41.000893,41.27,0.8308926391601545,0.0
1733.0,2009-06-18,39.88,42.01,39.88,41.12,458060608.0,11140881,3968,43.139996,44.2,2.0199955749511744,0.0
1745.0,2009-07-06,41.2,41.52,40.46,41.27,336754144.0,8227895,4118,42.426815,47.7,1.1568150329589812,0.0
1750.0,2009-07-13,45.55,46.48,45.4,45.42,411172928.0,8921564,4559,44.07068,50.309999999999995,-1.3493212890625017,0.0
1756.0,2009-07-21,48.15,49.43,47.8,47.89,281073504.0,5779075,4807,46.07319,47.73,0.0,1.8168112182617193
1757.0,2009-07-22,47.82,49.3,47.32,48.53,158172416.0,3256783,4789,45.819904,45.75,0.0,2.710095672607423
1759.0,2009-07-24,48.45,48.46,45.88,46.98,353498208.0,7537725,4770,45.07611,43.44,0.0,1.9038891601562469
1769.0,2009-08-07,49.2,49.76,47.7,47.85,217212272.0,4492609,4932,46.704376,43.12,0.0,1.1456237792968764
1781.0,2009-08-25,44.62,44.62,41.4,42.8,131060000.0,3060553,4462,43.82341,46.42,1.0234100341796903,0.0
1788.0,2009-09-03,41.08,43.28,40.79,43.08,166020896.0,3881187,4074,40.09687,43.28,-2.983129577636717,0.0
1791.0,2009-09-08,43.92,45.3,43.3,44.89,336932640.0,7515797,4356,44.355507,43.16,0.0,0.5344931030273443
1794.0,2009-09-11,46.4,47.7,45.66,47.16,88767080.0,1891316,4694,46.745975,44.019999999999996,0.0,0.41402450561523096
1797.0,2009-09-16,46.6,47.55,45.65,46.76,120398328.0,2590781,4642,46.285484,43.79,0.0,0.47451568603515426
1798.0,2009-09-17,46.5,47.5,46.0,47.41,72703296.0,1543309,4676,46.105186,43.28,0.0,1.3048135375976528
1801.0,2009-09-22,45.49,45.49,44.7,44.81,157183664.0,3492259,4556,42.25676,44.25,0.0,2.5532403564453148
1803.0,2009-09-24,44.85,44.85,42.6,43.28,284755008.0,6547227,4480,40.548244,44.14999999999999,-2.7317555236816418,0.0
1804.0,2009-09-25,43.45,43.7,42.5,42.89,82605888.0,1916702,4328,39.485332,43.19,-3.4046675109863287,0.0
1819.0,2009-10-26,44.15,44.3,42.95,43.19,298256032.0,6882995,4415,46.233288,44.989999999999995,3.043287811279299,0.0
1839.0,2009-11-23,48.38,49.48,47.5,47.94,680134912.0,14089607,4699,47.116516,48.819999999999986,-0.8234838867187477,0.0
1840.0,2009-11-24,48.2,48.45,45.35,45.47,637697600.0,13588178,4794,47.748413,50.359999999999985,2.278413085937501,0.0
1847.0,2009-12-03,46.64,47.28,46.02,46.99,368969408.0,7859229,4668,45.2626,48.99,-1.7274000549316426,0.0
1852.0,2009-12-10,47.0,47.89,46.28,47.69,265532240.0,5641470,4664,44.719986,48.2,-2.9700140380859352,0.0
1861.0,2009-12-24,46.26,47.66,46.0,47.51,511306144.0,10852860,4581,42.26651,43.99,0.0,5.243489990234373
1863.0,2009-12-28,49.0,49.68,48.38,49.2,247519104.0,5058877,4899,43.968407,45.79,0.0,5.231593322753909
1867.0,2010-01-04,50.35,50.35,47.77,48.2,335886528.0,6919458,4986,45.488087,41.71,0.0,2.7119132995605497
1869.0,2010-01-06,47.31,48.18,47.2,47.73,217361216.0,4570803,4762,43.97345,40.06,0.0,3.756550292968747
1873.0,2010-01-12,44.97,45.8,43.6,45.78,572001792.0,12882373,4497,41.805653,40.03,0.0,3.974347381591798
1874.0,2010-01-13,44.25,44.91,43.69,43.86,361396768.0,8180366,4578,41.52572,40.17,0.0,2.3342813110351557
1881.0,2010-01-22,42.78,42.82,41.21,42.0,421304704.0,10057153,4315,42.286255,40.61,0.0,-0.2862548828125
1885.0,2010-01-28,40.13,40.13,39.48,40.0,204803792.0,5131991,4006,39.576397,40.9,-0.4236030578613281,0.0
1887.0,2010-02-01,40.91,41.16,39.78,40.23,279588128.0,6913365,4055,40.422924,41.91,0.19292404174805,0.0
1888.0,2010-02-02,40.1,40.8,39.95,40.03,251066096.0,6228864,4023,40.95294,41.68,0.9229418945312489,0.0
1890.0,2010-02-04,40.0,40.8,39.45,40.6,266732736.0,6657005,4017,41.134686,40.7,0.5346855163574205,0.0
1892.0,2010-02-08,39.0,39.24,38.4,38.86,179353328.0,4610734,3883,39.75783,41.56,0.8978315734863287,0.0
1900.0,2010-02-25,40.89,41.5,40.65,40.9,227201712.0,5544289,4075,42.245487,41.99,1.345487213134767,0.0
1907.0,2010-03-08,41.48,41.79,41.12,41.56,150029408.0,3610836,4145,40.954403,44.78,-0.6055970764160179,0.0
1912.0,2010-03-15,41.67,41.88,40.7,41.01,109249096.0,2660432,4171,46.18674,44.44,5.176740875244143,0.0
1921.0,2010-03-26,43.59,44.33,43.37,44.11,282820288.0,6412508,4337,41.761257,39.26,0.0,2.34874282836914
1928.0,2010-04-07,44.55,44.92,44.05,44.38,159674240.0,3598355,4444,42.92766,36.63,0.0,1.4523381042480494
1929.0,2010-04-08,44.56,44.93,44.31,44.51,296100416.0,6634926,4438,42.786724,36.86,0.0,1.7232759094238261
1932.0,2010-04-13,42.64,43.54,41.85,42.96,508442880.0,11959675,4299,41.10905,35.18,0.0,1.850949249267579
1933.0,2010-04-14,42.7,43.11,42.51,42.88,204709568.0,4777328,4296,40.6427,34.1,0.0,2.2372998046875026
1935.0,2010-04-16,42.48,42.48,41.6,41.86,215898128.0,5157125,4250,40.327457,33.78,0.0,1.5325425720214838
1936.0,2010-04-19,41.4,41.4,38.9,39.26,471482816.0,11862380,4186,39.82828,32.64,0.0,-0.5682814025878926
1937.0,2010-04-20,38.98,39.56,38.45,39.22,187657520.0,4805891,3926,39.65303,32.82,0.0,-0.43303039550781364
1938.0,2010-04-21,39.26,39.87,38.91,39.8,256415600.0,6518750,3922,40.291786,33.61,0.0,-0.4917861938476591
1940.0,2010-04-23,39.09,39.5,38.92,39.29,143853264.0,3664987,3929,41.967907,31.62,0.0,-2.6779069519042977
1942.0,2010-04-27,38.59,38.59,36.62,37.39,228974688.0,6152946,3870,39.85034,33.25,0.0,-2.4603417968749994
1943.0,2010-04-28,36.88,37.1,36.42,36.63,202221648.0,5507355,3739,38.11881,34.39,0.0,-1.488808746337888
1954.0,2010-05-14,33.48,33.94,32.91,33.73,112483112.0,3359236,3361,35.38418,33.21,0.0,-1.6541781616210969
1955.0,2010-05-17,33.21,33.58,31.6,31.62,136197600.0,4170326,3373,35.047142,33.1,3.4271420288085928,0.0
1962.0,2010-05-26,34.12,35.07,34.12,35.01,121383128.0,3492558,3450,24.143589,17.99,0.0,10.866410980224607
1965.0,2010-05-31,35.52,35.52,34.86,35.19,208287120.0,5931706,3558,18.651707,17.13,0.0,16.538293304443357
1969.0,2010-06-07,33.0,33.5,33.0,33.21,52284464.0,1571725,3421,17.651438,15.74,0.0,15.558562240600587
1977.0,2010-06-22,17.9,18.67,17.8,17.99,339872032.0,18648145,1806,14.58707,16.4,0.0,3.402929534912108
1979.0,2010-06-24,17.74,17.84,17.21,17.46,109066184.0,6238464,1771,18.353834,16.72,0.0,-0.8938341522216788
1981.0,2010-06-28,16.94,17.27,16.8,16.91,75019672.0,4407259,1713,18.306646,16.97,1.3966463470458983,0.0
1983.0,2010-06-30,15.88,16.16,15.8,16.11,75730512.0,4753791,1600,18.944239,17.93,2.834238662719727,0.0
1995.0,2010-07-16,16.68,16.79,16.22,16.62,85123424.0,5167889,1672,20.34759,19.75,3.7275894927978506,0.0
2003.0,2010-07-28,17.91,19.58,17.78,19.58,766622528.0,40537119,1780,21.293695,20.17,1.7136954498291033,0.0
2011.0,2010-08-09,19.77,20.55,19.77,20.1,511705920.0,25233799,1975,21.924454,23.37,1.824453735351561,0.0
2015.0,2010-08-13,18.7,19.06,18.16,19.06,309262560.0,16625354,1887,20.356983,22.92,1.2969831848144544,0.0
2021.0,2010-08-23,19.93,21.33,19.9,20.59,864042048.0,41727998,1998,21.46224,22.96,0.8722402191162111,0.0
2023.0,2010-08-25,20.7,21.79,20.5,21.09,788229632.0,36814779,2097,21.929075,22.71,0.8390752410888673,0.0
2026.0,2010-08-30,21.99,23.7,21.99,23.37,1187103104.0,51236089,2199,22.814302,21.99,0.0,0.5556975555419932
2032.0,2010-09-07,23.22,24.2,23.22,24.1,850662144.0,35515697,2322,22.400791,23.32,0.0,1.6992088317871108
2033.0,2010-09-08,24.05,24.79,23.93,24.27,739785088.0,30301337,2410,22.532082,24.65,-1.7379183959960933,0.0
2034.0,2010-09-09,24.27,24.4,23.25,23.48,641786624.0,27160705,2427,22.186834,24.79,-1.293165664672852,0.0
2038.0,2010-09-15,23.23,23.29,22.31,22.71,341407616.0,15023410,65536,22.047327,23.200000000000003,-0.6626729583740243,0.0
2062.0,2010-10-29,25.5,26.61,25.4,26.6,477555040.0,18360883,65536,26.788137,22.72,0.0,-0.18813743591308452
2063.0,2010-11-01,26.66,26.94,26.19,26.89,615303040.0,23114649,65536,26.992678,23.18,0.0,-0.10267768859863224
2073.0,2010-11-15,23.5,23.73,22.25,23.13,739705920.0,32064942,65536,27.491592,28.0,4.3615924072265635,0.0
2086.0,2010-12-02,26.92,27.58,26.4,27.02,1417807744.0,52210838,65536,28.166973,28.560000000000002,1.1469731140136723,0.0
2089.0,2010-12-07,28.12,29.1,27.4,28.8,1697696256.0,59500779,65536,28.923082,28.090000000000003,0.0,-0.1230823516845696
2093.0,2010-12-13,28.0,29.6,28.0,29.58,1239267840.0,42361235,65536,29.732967,30.73,0.15296737670898608,0.0
2099.0,2010-12-21,28.74,29.6,28.18,29.58,502980832.0,17329383,65536,29.339962,28.779999999999998,0.0,0.24003799438476392
2100.0,2010-12-22,29.63,30.48,28.96,29.55,631462016.0,21044164,65536,29.639885,28.15,0.0,-0.08988494873046804
2114.0,2011-01-12,29.19,29.25,28.2,28.78,436553248.0,15160121,65536,32.258957,29.76,3.4789569091796864,0.0
2128.0,2011-02-01,29.95,30.19,29.46,29.81,448633888.0,15043830,65536,33.096382,35.51,3.2863821411132825,0.0
2129.0,2011-02-09,29.5,30.61,29.01,29.76,469677120.0,15652414,65536,33.233826,34.59,3.4738256835937484,0.0
2139.0,2011-02-23,32.55,33.15,31.39,31.68,741040000.0,23154315,65536,36.425037,35.97,4.745037384033203,0.0
2141.0,2011-02-25,32.27,34.5,31.91,34.28,1047029952.0,31743259,65536,37.561363,35.65,3.2813632202148426,0.0
2145.0,2011-03-03,34.59,36.25,34.45,34.94,934867584.0,26278070,65536,38.788136,39.72,3.8481355285644554,0.0
2148.0,2011-03-08,37.61,37.61,36.11,36.89,915838720.0,24892506,65536,40.700497,39.07,3.810496673583984,0.0
2149.0,2011-03-09,37.06,37.88,36.52,37.25,670581568.0,18075993,65536,40.874233,41.0,3.6242332458496094,0.0
2157.0,2011-03-21,35.7,36.65,35.55,36.16,536795328.0,14829312,65536,40.552937,41.62,4.3929365539550815,0.0
2163.0,2011-03-29,39.49,39.57,38.0,39.07,904956032.0,23447627,65536,39.344463,40.0,0.2744633483886716,0.0
2164.0,2011-03-30,39.22,41.28,39.2,41.0,1065629888.0,26386663,65536,40.10458,40.0,0.0,0.8954200744628906
2170.0,2011-04-11,42.29,42.29,41.1,41.74,690734912.0,16585696,65536,40.385014,38.65,0.0,1.3549864196777364
2185.0,2011-05-03,37.99,38.85,37.51,38.65,348374080.0,9107614,65536,36.787365,34.96,0.0,1.8626350402832017
2188.0,2011-05-06,36.39,37.3,36.0,37.16,413655904.0,11256775,65536,35.53879,35.14,0.0,1.621208343505856
2193.0,2011-05-13,37.81,37.99,36.06,36.67,618377664.0,16796907,65536,34.79209,36.23,0.0,1.8779086303710955
2196.0,2011-05-18,35.18,35.9,35.1,35.84,330203296.0,9260807,65536,33.755127,35.1,0.0,2.0848730468750034
2199.0,2011-05-23,34.2,34.83,33.97,34.01,586073600.0,17066673,65536,32.74378,37.2,-1.2662217712402324,0.0
2203.0,2011-05-27,34.18,35.2,33.91,35.14,495402368.0,14251788,65536,30.445387,26.3,0.0,4.694613113403321
2206.0,2011-06-02,36.28,37.37,35.97,36.5,678216512.0,18562856,65536,28.648312,27.28,0.0,7.851688385009766
2208.0,2011-06-07,37.15,37.25,35.76,36.23,632518656.0,17391220,65536,27.197865,27.79,0.0,9.032135467529294
2211.0,2011-06-10,34.88,35.28,34.42,35.1,237308880.0,6807833,65536,26.261835,27.69,0.0,8.8381649017334
2212.0,2011-06-13,34.8,35.23,34.5,35.07,161632384.0,4613027,65536,26.382591,28.33,0.0,8.687408752441407
2215.0,2011-06-16,24.28,25.67,24.28,24.96,372625632.0,14873291,65536,23.500452,27.72,-1.4595479583740243,0.0
2220.0,2011-06-23,26.4,27.6,26.15,27.59,975068800.0,35916486,65536,25.777536,28.590000000000003,-1.8124636077880858,0.0
2225.0,2011-06-30,26.87,27.84,26.78,27.76,747611584.0,27112871,65536,25.414179,27.05,0.0,2.3458211517334
2231.0,2011-07-08,27.6,27.87,26.8,27.25,937417536.0,34555960,65536,23.804598,24.97,0.0,3.445402145385742
2236.0,2011-07-15,28.82,29.48,28.48,28.72,1613393408.0,55696069,65536,26.618593,25.87,0.0,2.101406784057616
2241.0,2011-07-22,27.11,27.48,26.99,27.4,496743680.0,18227291,65536,26.202705,24.879999999999995,0.0,1.1972946166992173
2255.0,2011-08-11,24.99,25.46,24.71,25.17,1034557632.0,41336546,65536,23.305246,22.19,0.0,1.8647536468505876
2256.0,2011-08-12,25.42,25.42,24.6,24.88,738370240.0,29553728,65536,23.391441,21.91,0.0,1.4885586547851553
2261.0,2011-08-19,23.43,23.43,22.45,22.9,1238001152.0,54207172,65536,24.50506,18.04,0.0,-1.605060195922853
2267.0,2011-08-29,22.46,22.46,21.68,21.79,624894976.0,28566395,65536,24.580685,17.39,0.0,-2.7906846618652352
2272.0,2011-09-05,21.49,21.49,19.72,19.72,1295176320.0,64284814,65536,22.520044,18.42,0.0,-2.8000443267822277
2275.0,2011-09-08,19.35,19.35,18.6,18.62,465238400.0,24665694,65536,21.29801,17.2,0.0,-2.6780098724365224
2278.0,2011-09-14,17.95,18.04,17.26,17.77,706129728.0,40017371,65536,20.872047,18.23,3.1020474243164067,0.0
2290.0,2011-09-30,17.72,17.78,16.8,17.2,443904256.0,25753696,65536,18.319813,20.49,1.1198127746582038,0.0
2292.0,2011-10-11,17.8,18.05,17.19,17.44,500635936.0,28296614,65536,18.099861,19.99,0.65986114501953,0.0
2296.0,2011-10-17,19.25,19.88,19.1,19.39,716417408.0,36736651,65536,19.41472,19.41,0.024720535278319744,0.0
2299.0,2011-10-20,18.2,18.2,17.35,17.71,465665056.0,26453358,65536,18.622168,18.7,0.9121675872802726,0.0
2304.0,2011-10-27,19.7,20.24,19.5,20.01,1177810688.0,59165225,65536,19.83536,17.77,0.0,0.17464042663574375
2312.0,2011-11-08,19.35,19.73,19.1,19.28,543145856.0,28059332,65536,19.193672,17.21,0.0,0.08632781982421989
2317.0,2011-11-15,18.7,18.84,18.34,18.49,668389056.0,36101900,65536,18.888645,16.59,0.0,-0.3986451721191422
2321.0,2011-11-21,17.35,17.43,16.98,17.22,592879232.0,34601276,65536,17.873,16.5,0.0,-0.6529991912841808
2335.0,2011-12-09,16.87,17.09,16.71,17.0,345825248.0,20419721,65536,16.433285,15.650000000000002,0.0,0.5667152404785156
2338.0,2011-12-14,15.76,15.83,15.22,15.23,261802896.0,16915544,65536,15.570896,14.72,0.0,-0.3408961486816402
2341.0,2011-12-19,15.02,15.19,14.7,15.11,263999120.0,17642832,65536,15.245361,16.38,0.13536132812500057,0.0
2342.0,2011-12-20,15.08,15.84,15.05,15.29,442049984.0,28548848,65536,15.403781,16.51,0.11378093719482507,0.0
2357.0,2012-01-12,16.3,16.83,16.15,16.51,601635968.0,36331750,65536,16.431978,17.4,-0.07802177429199375,0.0
2358.0,2012-01-13,16.52,16.59,15.72,15.75,614091072.0,38441746,65536,16.40879,17.51,0.6587905883789062,0.0
2360.0,2012-01-17,15.3,16.45,15.28,16.43,608722880.0,38076099,65536,16.736425,17.1,0.3064253997802737,0.0
2367.0,2012-02-02,16.51,16.92,16.16,16.9,778996864.0,47103707,65536,17.517462,17.64,0.6174617767333999,0.0
2371.0,2012-02-08,16.48,17.18,16.47,17.15,649276032.0,38356844,65536,17.17043,17.94,0.020429229736329546,0.0
2376.0,2012-02-15,17.08,17.39,16.89,17.31,599500800.0,34858378,65536,17.528364,16.86,0.0,-0.21836418151855597
2392.0,2012-03-08,16.93,17.17,16.93,17.14,518101120.0,30358717,65536,17.701382,15.52,0.0,-0.5613816833496088
2398.0,2012-03-16,16.05,16.16,15.7,16.12,769172864.0,48137795,65536,17.192501,17.06,1.0725010681152334,0.0
2405.0,2012-03-27,15.81,16.07,15.8,16.01,428751552.0,26832536,65536,16.172462,17.74,0.1624624633789047,0.0
2416.0,2012-04-16,17.18,17.25,17.0,17.14,541509888.0,31627002,65536,17.779167,16.48,0.0,-0.6391671752929682
2418.0,2012-04-18,16.66,17.25,16.52,17.15,674472320.0,39777034,65536,17.414022,16.28,0.0,-0.26402244567871236
2421.0,2012-04-23,17.74,18.18,17.55,17.84,1056165120.0,59059995,65536,17.986258,16.09,0.0,-0.14625755310058608
2424.0,2012-04-26,17.77,18.02,17.6,17.65,419370656.0,23567318,65536,17.095345,16.13,0.0,0.5546554565429673
2432.0,2012-05-10,16.45,16.52,16.28,16.29,466569600.0,28492778,65536,17.686451,17.32,1.396450958251954,0.0
2435.0,2012-05-15,16.25,16.63,16.13,16.49,502698944.0,30707369,65536,17.269733,16.49,0.0,0.0
2441.0,2012-05-23,16.59,16.92,16.52,16.69,643409408.0,38413443,65536,16.981668,15.87,0.0,-0.2916684722900378
2452.0,2012-06-08,16.69,16.71,16.06,16.12,731570432.0,44816999,65536,16.482294,14.680000000000001,0.0,-0.36229408264160057
2454.0,2012-06-12,16.3,16.3,16.06,16.13,340579808.0,21070936,65536,15.868361,14.790000000000001,0.0,0.2616385269165029
2456.0,2012-06-14,16.19,16.19,15.81,15.87,294000256.0,18424165,65536,15.365113,14.569999999999999,0.0,0.5048867416381828
2457.0,2012-06-15,15.92,16.11,15.81,15.98,239350320.0,14996337,65536,15.23657,14.0,0.0,0.7434296417236332
2464.0,2012-06-27,14.92,15.18,14.76,14.8,190496896.0,12691816,65536,15.486471,14.9,0.6864711761474602,0.0
2467.0,2012-07-02,14.82,14.99,14.58,14.68,288677088.0,19589837,65536,15.428381,14.23,0.0,-0.7483809661865237
2474.0,2012-07-11,14.09,15.01,14.08,14.53,404977664.0,27736094,65536,14.959101,14.94,0.4291007232666022,0.0
2476.0,2012-07-13,14.65,15.03,14.56,14.87,351407456.0,23599314,65536,14.967875,14.99,0.09787452697753984,0.0
2478.0,2012-07-17,14.65,15.17,14.65,15.15,320793408.0,21339869,65536,15.048444,15.06,0.0,0.10155620574951207
2484.0,2012-07-25,14.28,14.4,14.2,14.31,107953952.0,7551808,65536,14.533533,14.359999999999998,0.22353309631347607,0.0
2486.0,2012-07-27,14.28,14.49,14.26,14.4,110835384.0,7710143,65536,14.4598465,14.33,0.0,-0.059846496582030895
2489.0,2012-08-01,14.46,15.26,14.45,14.94,403598624.0,26950440,65536,15.102741,14.170000000000002,0.0,-0.16274124145507862
2491.0,2012-08-03,14.86,15.04,14.73,14.99,157364544.0,10561624,65536,15.148991,14.060000000000002,0.0,-0.1589906311035154
2493.0,2012-08-07,15.1,15.16,14.9,15.06,221853216.0,14777655,65536,15.411253,13.5,0.0,-0.3512529754638667
2504.0,2012-08-22,14.29,14.29,14.08,14.17,102841488.0,7255738,65536,14.641302,15.27,0.4713021087646485,0.0
2513.0,2012-09-04,13.36,13.6,13.3,13.34,156408640.0,11638114,65536,14.089743,15.48,0.7497426605224611,0.0
2521.0,2012-09-14,15.18,15.53,15.09,15.29,572709888.0,37385688,65536,16.151175,15.99,0.8611745452880868,0.0
2527.0,2012-09-24,14.65,15.45,14.51,15.27,482711008.0,31932146,65536,15.455248,16.91,0.18524787902832074,0.0
2532.0,2012-10-08,16.1,16.23,15.6,15.61,264438384.0,16624802,65536,16.010883,16.06,0.4008833312988287,0.0
2533.0,2012-10-09,15.67,16.12,15.66,16.07,290888992.0,18164260,65536,16.175901,16.18,0.1059014129638669,0.0
2535.0,2012-10-11,15.95,16.47,15.95,16.18,331641408.0,20406327,65536,16.417482,17.03,0.2374823760986331,0.0
2536.0,2012-10-12,16.21,16.36,15.67,15.99,305786272.0,19166297,65536,16.406933,17.03,0.41693283081054666,0.0
2540.0,2012-10-18,16.21,16.59,16.2,16.55,354654560.0,21558115,65536,16.377722,16.31,0.0,0.17227821350097727
2548.0,2012-10-30,16.1,16.25,15.93,16.18,226748336.0,14034038,65536,16.126825,16.03,0.0,0.05317466735839815
2553.0,2012-11-06,16.98,17.04,16.38,16.78,267573680.0,16095616,65536,16.575466,15.6,0.0,0.20453384399414176
2557.0,2012-11-12,16.36,16.45,15.58,15.65,371798496.0,23422542,65536,16.25151,16.51,0.6015106201171871,0.0
2560.0,2012-11-15,15.49,15.96,15.34,15.5,201354144.0,12792810,65536,16.012104,17.42,0.5121040344238281,0.0
2569.0,2012-11-28,15.59,15.79,15.49,15.68,128784792.0,8223251,65536,16.11775,18.52,0.43775016784667997,0.0
2573.0,2012-12-04,16.51,16.65,16.32,16.61,193163680.0,11686426,65536,16.737423,18.52,0.12742294311523494,0.0
2574.0,2012-12-05,16.58,17.77,16.58,17.42,960257344.0,55211853,65536,17.66208,18.73,0.2420807647705061,0.0
2585.0,2012-12-20,18.38,18.48,18.01,18.3,407906976.0,22379010,65536,18.103762,18.25,0.0,0.1962383270263679
2587.0,2012-12-24,18.1,18.45,18.05,18.35,321598816.0,17574616,65536,18.085936,18.15,0.0,0.26406440734863423
2609.0,2013-01-28,19.31,20.48,19.31,20.45,1498314752.0,74743534,65536,19.766212,18.63,0.0,0.683787536621093
2621.0,2013-02-20,19.7,20.02,19.26,19.79,602179776.0,30719288,65536,19.13267,17.46,0.0,0.6573305511474601
2625.0,2013-02-26,18.58,18.77,18.0,18.08,524986624.0,28713068,65536,18.57865,16.99,0.0,-0.49864952087402514
2627.0,2013-02-28,18.42,19.43,18.39,19.39,766681280.0,40334051,65536,18.91949,17.6,0.0,0.4705091857910162
2629.0,2013-03-04,18.7,18.7,17.88,17.88,1479008384.0,82117446,65536,18.963829,17.82,0.0,-1.0838290405273447
2631.0,2013-03-06,18.23,18.55,18.08,18.28,488420512.0,26686641,65536,18.744913,17.7,0.0,-0.4649131011962879
2640.0,2013-03-19,16.33,17.0,16.33,16.99,559530240.0,33341126,65536,17.29719,18.85,0.3071897125244156,0.0
2647.0,2013-03-28,17.5,17.5,16.9,17.0,494750304.0,28956392,65536,16.84768,19.23,-0.15232086181640625,0.0
2650.0,2013-04-02,17.38,18.2,17.38,17.96,622816384.0,34780389,65536,17.129295,17.62,0.0,0.8307046508789071
2651.0,2013-04-03,17.96,18.25,17.75,17.97,367651360.0,20414462,65536,17.143885,17.61,0.0,0.8261153411865223
2654.0,2013-04-10,18.64,18.88,17.95,18.38,459519712.0,25069174,65536,17.59657,17.98,0.0,0.7834309387207021
2655.0,2013-04-11,18.9,19.06,18.62,18.85,765681920.0,40586128,65536,18.13074,18.38,0.0,0.7192607879638686
2656.0,2013-04-12,18.84,19.02,18.54,18.62,354738784.0,18946683,65536,17.957956,18.27,0.0,0.6620436859130869
2658.0,2013-04-16,18.46,19.04,18.36,18.87,788409984.0,41962133,65536,18.281794,17.59,0.0,0.5882064056396494
2663.0,2013-04-23,18.88,18.88,17.8,18.1,886771840.0,48500138,65536,18.477781,17.7,0.0,-0.37778129577636577
2667.0,2013-05-02,17.7,17.7,17.21,17.46,413143040.0,23690210,65536,17.459673,17.31,0.0,0.00032707214355554015
2672.0,2013-05-09,18.27,18.28,17.51,17.57,602722496.0,33922727,65536,17.414665,17.06,0.0,0.15533477783203153
2673.0,2013-05-10,17.56,17.66,17.3,17.59,413830272.0,23657204,65536,17.303648,16.9,0.0,0.28635200500488267
2684.0,2013-05-27,17.0,17.17,16.8,16.91,412988800.0,24351472,65536,17.45439,13.44,0.0,-0.5443895721435545
2685.0,2013-05-28,16.92,17.48,16.76,17.47,593766272.0,34700463,65536,17.644161,13.58,0.0,-0.1741612243652355
2686.0,2013-05-29,17.55,17.6,17.26,17.37,483344576.0,27846961,65536,17.52247,12.8,0.0,-0.15247047424316307
2690.0,2013-06-04,16.93,16.93,16.5,16.61,382445824.0,22930860,65536,16.478748,13.38,0.0,0.1312516784667963
2698.0,2013-06-19,13.91,14.18,13.62,14.14,358300512.0,25875066,65536,15.439951,13.39,0.0,-1.2999509429931635
2700.0,2013-06-21,13.19,13.65,12.98,13.58,401436800.0,30174035,65536,14.994249,14.26,1.4142493438720702,0.0
2704.0,2013-06-27,13.01,13.5,12.81,12.96,662913088.0,50231815,65536,14.826729,14.280000000000001,1.8667288208007804,0.0
2720.0,2013-07-19,14.23,14.35,13.7,13.81,348045248.0,24890560,65536,15.378476,15.53,1.5684761428833003,0.0
2724.0,2013-07-25,14.32,14.89,14.27,14.59,579513152.0,39620829,65536,15.228084,16.17,0.6380836105346681,0.0
2731.0,2013-08-05,15.1,15.45,15.1,15.38,298377056.0,19452529,65536,15.188165,16.3,-0.19183528900146563,0.0
2736.0,2013-08-12,15.83,16.39,15.83,16.24,789854528.0,48748072,65536,16.36284,15.69,0.0,-0.12284065246582188
2737.0,2013-08-13,16.36,16.98,16.36,16.61,714165312.0,42758590,65536,16.72729,15.94,0.0,-0.11728919982910213
2747.0,2013-08-27,16.25,16.28,15.9,16.07,221133792.0,13763144,65536,15.520386,15.580000000000002,0.0,0.5496142578125003
2748.0,2013-08-28,15.98,15.98,15.6,15.68,286986944.0,18229174,65536,15.345776,15.580000000000002,0.0,0.33422439575195284
2756.0,2013-09-09,15.94,16.24,15.81,16.21,459307712.0,28533126,65536,16.11315,15.42,0.0,0.09685035705566492
2758.0,2013-09-11,16.5,17.15,16.5,16.93,781830016.0,46493025,65536,16.797564,15.580000000000002,0.0,0.1324364471435544
2761.0,2013-09-16,16.28,16.38,15.78,15.98,374929824.0,23307195,65536,16.393103,15.96,0.0,-0.413102645874023
2782.0,2013-10-24,15.53,15.65,15.1,15.14,341972064.0,22378185,65536,15.844343,15.729999999999999,0.7043431854248041,0.0
2788.0,2013-11-01,15.6,15.66,15.35,15.45,295952064.0,19100732,65536,15.703565,16.41,0.253564643859864,0.0
2793.0,2013-11-08,14.99,15.26,14.9,15.07,181770336.0,12011601,65536,15.30677,17.86,0.23677032470703097,0.0
2795.0,2013-11-12,15.33,15.52,15.26,15.47,239792736.0,15556077,65536,15.462306,18.47,-0.007693977355957671,0.0
2796.0,2013-11-13,15.6,15.88,15.4,15.45,429797088.0,27415657,65536,15.736623,18.87,0.28662281036377024,0.0
2797.0,2013-11-14,15.65,15.77,15.52,15.73,349446240.0,22331772,65536,15.836718,18.55,0.10671760559081989,0.0
2802.0,2013-11-21,16.87,16.87,16.23,16.59,471379200.0,28632713,65536,16.947533,17.51,0.3575326538085939,0.0
2805.0,2013-11-26,16.71,16.82,16.52,16.79,198039024.0,11843985,65536,16.653454,17.31,-0.13654617309570227,0.0
2808.0,2013-11-29,17.93,18.07,17.65,17.86,446813248.0,25032659,65536,17.36844,16.77,0.0,0.4915593719482416
2809.0,2013-12-02,17.69,18.5,17.46,17.86,708539520.0,39198868,65536,17.529316,16.64,0.0,0.3306840515136713
2813.0,2013-12-06,18.55,18.58,18.07,18.3,460271104.0,25171448,65536,17.973513,17.03,0.0,0.3264873504638679
2834.0,2014-01-07,14.83,15.28,14.83,15.08,339758656.0,22552432,65536,16.515682,15.88,1.4356822204589843,0.0
2841.0,2014-01-16,15.96,16.38,15.89,16.19,324077824.0,20001383,65536,16.018312,16.61,-0.17168754577636847,0.0
2854.0,2014-02-11,16.8,16.9,16.6,16.88,478943552.0,28591706,65536,16.768724,14.710000000000003,0.0,0.11127555847167869
2855.0,2014-02-12,16.85,17.13,16.8,16.88,345026688.0,20347204,65536,16.823462,14.74,0.0,0.05653846740722557
2856.0,2014-02-13,16.82,16.98,16.6,16.61,228016528.0,13640746,65536,16.665451,15.0,0.0,-0.05545104980468807
2858.0,2014-02-17,16.62,16.69,16.52,16.58,234714208.0,14141406,65536,16.593681,14.19,0.0,-0.013681335449220455
2867.0,2014-02-28,14.77,15.18,14.67,15.07,281453952.0,18867792,65536,15.751201,15.38,0.6812006759643552,0.0
2870.0,2014-03-05,14.8,14.99,14.68,14.74,199782672.0,13463828,65536,15.150826,15.87,0.41082645416259744,0.0
2872.0,2014-03-07,15.01,15.06,14.82,14.87,176425200.0,11808684,65536,15.088123,16.54,0.2181233215332039,0.0
2874.0,2014-03-11,14.2,14.53,14.2,14.45,167650928.0,11672680,65536,14.823592,16.29,0.3735921859741218,0.0
2875.0,2014-03-12,14.39,14.52,14.22,14.33,193999888.0,13538387,65536,14.878497,16.96,0.5484971237182616,0.0
2879.0,2014-03-18,14.74,14.93,14.7,14.81,176638048.0,11917857,65536,15.083705,17.36,0.27370494842529247,0.0
2883.0,2014-03-24,15.45,16.0,15.38,15.88,672759616.0,42837517,65536,16.31616,17.84,0.4361602020263664,0.0
2885.0,2014-03-26,15.71,15.97,15.71,15.87,318001952.0,20074322,65536,16.231054,17.54,0.3610543060302742,0.0
2891.0,2014-04-03,17.21,17.49,16.88,16.93,846467136.0,49095704,65536,17.104422,16.6,0.0,-0.17442161560058622
2897.0,2014-04-14,18.3,18.31,17.89,18.29,1064701632.0,58803277,65536,19.273712,16.62,0.0,-0.9837121582031259
2899.0,2014-04-16,17.89,18.08,17.81,18.0,835379520.0,46547227,65536,18.651556,16.46,0.0,-0.6515560150146484
2904.0,2014-04-23,16.83,17.06,16.8,17.05,411297536.0,24286756,65536,17.43819,16.55,0.0,-0.3881904602050774
2909.0,2014-04-30,17.17,17.3,16.94,17.0,345414304.0,20198965,65536,16.53486,16.35,0.0,0.46513938903808594
2913.0,2014-05-08,16.61,16.87,16.51,16.61,287730016.0,17209176,65536,16.279444,16.13,0.0,0.33055625915527287
2914.0,2014-05-09,16.63,16.7,16.45,16.46,196438656.0,11858861,65536,16.226278,16.31,0.0,0.23372169494628992
2916.0,2014-05-13,16.68,16.98,16.66,16.8,346110208.0,20560279,65536,16.621243,16.25,0.0,0.17875747680664134
2922.0,2014-05-21,16.03,16.3,15.83,16.18,208505184.0,12960329,65536,16.095863,16.3,-0.08413665771484347,0.0
2926.0,2014-05-27,16.39,16.39,16.1,16.13,193114400.0,11895062,65536,15.814971,15.96,0.0,0.3150290298461904
2935.0,2014-06-10,16.31,16.51,16.21,16.43,238512944.0,14547327,65536,16.41112,15.64,0.0,0.018880538940429403
2938.0,2014-06-13,16.3,16.61,16.26,16.41,266715840.0,16216854,65536,16.405676,16.49,-0.004324111938476705,0.0
2942.0,2014-06-19,15.96,16.1,15.65,15.73,162305040.0,10225150,65536,16.14609,16.44,0.4160895538330074,0.0
2952.0,2014-07-03,16.1,16.53,16.05,16.5,611769344.0,37509870,65536,16.852978,17.93,0.3529777526855469,0.0
2953.0,2014-07-04,16.41,16.65,16.35,16.49,290693344.0,17590436,65536,16.896112,18.06,0.4061124420166031,0.0
2960.0,2014-07-15,17.07,17.38,16.77,16.96,369185728.0,21699467,65536,17.189358,18.48,0.22935775756835852,0.0
2966.0,2014-07-23,17.35,17.77,17.28,17.6,554950208.0,31547252,65536,17.560999,18.14,-0.03900108337402486,0.0
2971.0,2014-07-30,17.74,18.14,17.66,17.89,598558144.0,33400837,65536,18.54287,17.81,0.0,-0.6528695678710932
2973.0,2014-08-01,17.93,18.19,17.63,17.67,599207936.0,33430373,65536,18.544882,17.59,0.0,-0.8748818206787092
2980.0,2014-08-12,18.3,18.43,18.2,18.26,363654496.0,19888372,65536,18.123037,17.72,0.0,0.13696266174316563
2984.0,2014-08-18,18.18,18.23,18.03,18.11,314051840.0,17338022,65536,17.729628,18.08,0.0,0.38037239074706974
2989.0,2014-08-25,17.63,17.68,17.35,17.42,244879344.0,14024502,65536,17.624535,17.31,0.0,-0.20453460693359204
2993.0,2014-08-29,17.22,17.28,17.02,17.27,259818640.0,15145039,65536,17.313036,17.06,0.0,-0.04303596496582074
3004.0,2014-09-16,17.67,17.73,17.26,17.31,471958400.0,26935777,65536,17.413067,16.86,0.0,-0.10306686401367315
3009.0,2014-09-23,17.04,17.22,17.04,17.16,247205728.0,14427509,65536,16.977499,16.93,0.0,0.1825009918212892
3036.0,2014-11-06,17.03,17.16,16.91,17.13,340876320.0,20040936,65536,17.437183,17.73,0.3071833801269541,0.0
3053.0,2014-12-01,18.33,18.75,18.04,18.06,1808174720.0,98406371,65536,19.213764,22.69,1.1537641906738294,0.0
3065.0,2014-12-17,20.02,20.17,19.55,19.74,1375233280.0,69341637,65536,19.831861,20.82,0.09186149597168125,0.0
3066.0,2014-12-30,20.98,21.71,20.32,21.71,3283231232.0,154871486,65536,20.506021,20.85,0.0,1.2039785003662118
3067.0,2014-12-31,22.2,22.8,21.6,22.08,3591334912.0,161885234,65536,20.998428,20.78,0.0,1.0815716552734358
3072.0,2015-01-09,21.96,23.1,21.86,22.08,2318034688.0,102431185,65536,20.843773,19.78,0.0,1.2362271118164045
3093.0,2015-02-09,19.22,19.38,19.01,19.17,457918624.0,23819722,65536,19.561987,19.93,0.39198692321777173,0.0
3103.0,2015-03-02,20.5,20.85,20.37,20.63,848992256.0,41179078,65536,20.824158,22.16,0.194157714843751,0.0
3106.0,2015-03-05,19.95,20.01,19.41,19.57,794529472.0,40440826,65536,20.542515,21.86,0.9725148010253903,0.0
3110.0,2015-03-11,19.76,19.96,19.62,19.66,611660160.0,30912838,65536,20.166994,23.13,0.5069940948486327,0.0
3111.0,2015-03-12,19.93,20.29,19.9,20.18,1014627008.0,50401684,65536,20.518755,23.060000000000002,0.3387549591064456,0.0
3114.0,2015-03-17,20.7,20.89,20.63,20.73,1317864704.0,63547571,65536,21.369041,23.889999999999997,0.6390414428710933,0.0
3124.0,2015-03-31,23.55,23.95,22.7,22.84,2895899392.0,124036929,65536,23.855907,25.770000000000003,1.015907440185547,0.0
3131.0,2015-04-10,23.69,23.98,23.4,23.9,2088974720.0,87829099,65536,23.842793,24.63,-0.057207489013670454,0.0
3133.0,2015-04-14,24.24,24.78,23.95,24.32,2194895872.0,90328568,65536,24.073732,22.85,0.0,0.24626762390136747
3137.0,2015-04-20,24.95,26.26,24.75,24.88,3776981248.0,149617154,65536,24.850353,24.1,0.0,0.02964675903320213
3138.0,2015-04-21,24.9,25.28,24.57,25.24,2064812672.0,82679165,65536,25.02878,23.51,0.0,0.21122001647949062
3142.0,2015-04-27,25.0,25.73,24.87,25.17,2467367424.0,97789729,65536,24.844099,23.55,0.0,0.325900955200197
3146.0,2015-05-04,24.04,24.85,24.03,24.63,2058153600.0,84188412,65536,24.633427,24.98,0.0034266662597666198,0.0
3151.0,2015-05-11,23.2,24.42,22.88,24.14,2242320128.0,95073390,65536,24.629103,26.51,0.4891027069091791,0.0
3154.0,2015-05-14,23.49,23.59,23.12,23.21,976142528.0,41868389,65536,24.358122,25.25,1.1481218719482413,0.0
3162.0,2015-05-26,27.0,27.0,25.41,25.58,3749147648.0,144824859,65536,26.237654,26.349999999999998,0.6576537322998064,0.0
3167.0,2015-06-02,26.3,26.42,25.5,26.16,2884714752.0,111275568,65536,24.775068,23.37,0.0,1.3849317169189455
3172.0,2015-06-09,27.08,28.0,26.07,27.48,5289011712.0,196345070,65536,22.110907,20.33,0.0,5.369093399047852
3177.0,2015-06-16,28.0,28.28,26.08,26.35,5274948608.0,192871486,65536,21.308332,18.48,0.0,5.041667556762697
3178.0,2015-06-17,26.29,26.57,25.09,26.43,2994289152.0,116110121,65536,22.552685,20.33,0.0,3.877315216064453
3186.0,2015-06-30,19.75,21.5,19.48,21.45,2478543104.0,120714319,65536,21.376337,20.35,0.0,0.07366294860839773
3190.0,2015-07-06,21.3,21.31,19.69,20.77,3118138368.0,151819519,65536,20.737253,18.24,0.0,0.03274681091308551
3204.0,2015-07-24,20.87,21.03,20.14,20.27,1303125120.0,63186275,65536,20.318268,21.13,0.048267822265625426,0.0
3206.0,2015-07-28,17.87,18.38,16.94,17.95,1306520064.0,73454312,65536,19.448874,19.95,1.4988735198974616,0.0
3208.0,2015-07-30,19.0,19.45,18.21,18.25,1014073280.0,53369783,65536,18.922709,19.27,0.6727085113525391,0.0
3218.0,2015-08-13,20.96,21.09,20.41,20.92,715842496.0,34498752,65536,19.283022,17.6,0.0,1.636978073120119
3221.0,2015-08-18,20.86,22.0,19.01,19.95,1552826368.0,74103677,65536,20.6761,18.88,0.0,-0.7260997772216804
3223.0,2015-08-20,20.0,20.0,19.2,19.27,537119424.0,27364761,65536,20.578661,19.14,0.0,-1.3086609649658207
3227.0,2015-08-26,15.87,16.69,15.59,16.26,919728320.0,57019711,65536,19.61143,18.57,3.3514292144775375,0.0
3229.0,2015-08-28,17.6,18.09,17.57,18.0,729292096.0,40810983,65536,19.667152,18.09,1.6671524047851562,0.0
3232.0,2015-09-02,17.7,18.35,17.3,18.26,1281372288.0,71165169,65536,19.6028,17.8,0.0,-1.3428003692626937
3234.0,2015-09-08,17.7,18.14,17.59,18.08,390528928.0,21834681,65536,19.007675,16.85,0.0,-0.9276751708984392
3240.0,2015-09-16,18.48,19.9,18.02,19.35,443916000.0,23489514,65536,19.521278,18.05,0.0,-0.17127838134765483
3243.0,2015-09-21,18.35,18.37,17.92,18.08,538095040.0,29825440,65536,19.596474,18.17,1.516473693847658,0.0
3250.0,2015-09-30,16.88,17.07,16.51,16.85,309643776.0,18462043,65536,17.63697,17.77,0.7869705200195298,0.0
3254.0,2015-10-13,18.5,18.6,18.39,18.54,290413568.0,15721663,65536,18.050758,17.48,0.0,0.4892416381835929
3256.0,2015-10-15,18.06,18.34,17.9,18.32,453310048.0,24973722,65536,18.268549,18.38,-0.05145103454589872,0.0
3261.0,2015-10-22,17.85,18.05,17.79,18.02,319151584.0,17812685,65536,17.909216,18.28,-0.11078407287597614,0.0
3279.0,2015-11-17,17.78,17.95,17.6,17.65,525295136.0,29528812,65536,18.220617,16.57,0.0,-0.5706172943115249
3281.0,2015-11-19,17.79,17.84,17.52,17.77,530881280.0,30071027,65536,18.007578,17.08,0.0,-0.2375778961181645
3290.0,2015-12-02,16.83,17.87,16.75,17.55,1346624128.0,76985442,65536,18.364588,17.7,0.8145877838134759,0.0
3305.0,2015-12-23,17.99,18.25,17.67,17.7,807012992.0,45080976,65536,18.224709,15.31,0.0,-0.524708557128907
3316.0,2016-01-08,15.95,16.59,15.6,16.11,859774208.0,53304309,65536,16.521027,13.159999999999998,0.0,-0.41102661132812557
3321.0,2016-01-15,15.31,15.31,14.7,14.75,326778624.0,21855399,65536,15.6454525,13.17,0.0,-0.8954524993896484
3322.0,2016-01-18,14.48,14.73,14.47,14.51,373400736.0,25631836,65536,15.432116,12.940000000000001,0.0,-0.9221155548095705
3323.0,2016-01-19,14.54,15.19,14.44,15.04,427210304.0,28808654,65536,15.638494,13.410000000000002,0.0,-0.5984935379028329
3330.0,2016-01-28,13.26,13.38,12.88,12.92,201107376.0,15319820,65536,14.149615,13.21,1.2296152877807618,0.0
3335.0,2016-02-04,13.02,13.29,13.02,13.19,232672368.0,17670042,65536,13.909891,15.45,0.7198911285400396,0.0
3336.0,2016-02-05,13.18,13.26,13.13,13.17,173238016.0,13126198,65536,13.8379135,16.06,0.6679135131835938,0.0
3378.0,2016-04-13,17.39,17.87,17.39,17.66,645941632.0,36534906,65536,16.630651,15.83,0.0,1.0293485260009767
3379.0,2016-04-14,17.78,18.04,17.59,17.85,428920096.0,24065047,65536,16.654543,15.31,0.0,1.1954570770263686
3380.0,2016-04-15,17.8,18.02,17.54,17.6,312900544.0,17673360,65536,16.565361,14.58,0.0,1.0346389770507827
3381.0,2016-04-18,17.55,17.58,17.08,17.36,216130880.0,12500951,65536,16.373745,14.44,0.0,0.9862550354003901
3389.0,2016-04-28,15.93,16.04,15.67,15.96,155984384.0,9820006,65536,15.7859745,14.62,0.0,0.1740254974365243
3398.0,2016-05-12,14.51,14.8,14.35,14.77,247583920.0,16893383,65536,15.46481,15.009999999999998,0.6948103713989262,0.0
3402.0,2016-05-18,14.48,14.55,14.31,14.54,192010016.0,13307846,65536,14.924962,14.94,0.3849620437622079,0.0
3408.0,2016-05-26,14.88,14.95,14.67,14.79,112880944.0,7634098,65536,14.945579,14.55,0.0,-0.1555785751342782
3410.0,2016-05-30,14.72,14.88,14.65,14.84,102188520.0,6910958,65536,14.961498,14.26,0.0,-0.12149826049804702
3415.0,2016-06-06,14.96,15.02,14.87,14.93,202529168.0,13561853,65536,15.46224,14.27,0.0,-0.5322402191162112
3416.0,2016-06-07,15.01,15.01,14.83,14.97,277867648.0,18597353,65536,15.570195,14.539999999999997,0.0,-0.6001951980590814
3427.0,2016-06-24,14.2,14.25,13.88,13.98,147768304.0,10526846,65536,14.592469,15.68,0.612469215393066,0.0
3432.0,2016-07-01,14.48,14.55,14.41,14.43,93054232.0,6435369,65536,14.807936,15.839999999999998,0.37793571472167997,0.0
3433.0,2016-07-04,14.48,14.96,14.46,14.94,304371264.0,20554053,65536,15.172914,16.23,0.2329135513305669,0.0
3435.0,2016-07-06,14.87,15.04,14.67,14.94,227384656.0,15318172,65536,15.248327,16.3,0.30832725524902393,0.0
3436.0,2016-07-07,14.89,14.96,14.76,14.87,139337296.0,9366046,65536,15.160099,16.25,0.2900990295410164,0.0
3444.0,2016-07-19,15.7,15.75,15.38,15.48,196174560.0,12650110,65536,15.802652,16.89,0.32265235900878864,0.0
3448.0,2016-07-25,15.75,16.27,15.75,16.23,288458816.0,17856132,65536,15.939799,17.3,-0.29020069122314496,0.0
3455.0,2016-08-03,15.93,16.38,15.82,16.23,207584432.0,12816254,65536,16.182047,17.17,-0.047953109741211364,0.0
3457.0,2016-08-05,16.26,16.38,16.14,16.33,150523840.0,9234939,65536,16.138226,17.2,-0.19177444458007642,0.0
3462.0,2016-08-12,16.85,17.08,16.68,16.99,230323024.0,13663017,65536,16.841837,17.12,-0.14816307067870937,0.0
3463.0,2016-08-15,16.93,17.38,16.93,17.3,542736960.0,31541181,65536,17.293085,17.21,0.0,0.006914901733399148
3466.0,2016-08-18,16.98,17.15,16.58,16.7,329715776.0,19594136,65536,17.175661,17.8,0.4756610870361335,0.0
3474.0,2016-08-30,17.08,17.25,16.95,17.01,181381904.0,10628929,65536,16.822004,16.94,0.0,0.18799568176269688
3479.0,2016-09-06,17.25,17.45,17.15,17.39,261798864.0,15105907,65536,17.34564,16.67,0.0,0.04435981750488338
3485.0,2016-09-14,16.98,16.98,16.76,16.8,166580240.0,9900318,65536,17.49533,16.36,0.0,-0.6953308105468743
3487.0,2016-09-20,16.99,17.01,16.81,16.82,150618784.0,8897640,65536,17.304678,16.4,0.0,-0.48467796325683565
3488.0,2016-09-21,16.84,16.91,16.6,16.65,139723312.0,8373520,65536,17.100943,16.37,0.0,-0.45094261169433736
3493.0,2016-09-28,16.82,16.82,16.6,16.63,105166872.0,6305998,65536,17.110447,17.0,0.4804469299316416,0.0
3495.0,2016-09-30,16.62,16.88,16.62,16.85,148925328.0,8877407,65536,17.298145,16.88,0.4481452941894517,0.0
3501.0,2016-10-17,16.36,16.4,16.22,16.24,125510672.0,7714216,65536,17.404898,17.65,1.1648976898193375,0.0
3504.0,2016-10-20,16.44,16.44,16.37,16.41,67283720.0,4100905,65536,17.005756,17.84,0.595756378173828,0.0
3505.0,2016-10-21,16.41,16.55,16.37,16.49,113524584.0,6892115,65536,16.976374,18.33,0.4863736724853531,0.0
3519.0,2016-11-10,17.48,17.92,17.46,17.84,417226176.0,23434978,65536,18.557438,18.77,0.7174378967285158,0.0
3523.0,2016-11-16,18.26,18.36,17.93,18.05,218731072.0,12122121,65536,18.626795,18.2,0.5767948150634759,0.0
3531.0,2016-11-28,18.79,18.82,18.3,18.47,384406368.0,20806174,65536,18.692291,17.08,0.0,-0.22229125976562614
3533.0,2016-11-30,18.46,18.54,17.84,18.14,387398496.0,21413903,65536,18.834131,17.22,0.0,-0.694131240844726
3535.0,2016-12-02,18.81,19.07,18.51,18.63,417781664.0,22310488,65536,19.457827,17.13,0.0,-0.8278266143798838
3544.0,2016-12-15,18.1,18.1,17.13,17.23,353525376.0,20114775,65536,18.164661,17.44,0.9346614074707027,0.0
3546.0,2016-12-19,17.32,17.45,17.04,17.08,197013952.0,11480957,65536,18.00097,17.73,0.9209708404541033,0.0
3548.0,2016-12-21,17.03,17.28,17.03,17.22,103720648.0,6030214,65536,17.806742,17.7,0.5867417144775402,0.0
3557.0,2017-01-04,17.31,17.4,17.18,17.32,176782368.0,10231387,65536,18.057022,20.02,0.7370220947265622,0.0
3560.0,2017-01-09,17.44,17.62,17.31,17.6,130437320.0,7437672,65536,18.146048,19.69,0.5460475921630845,0.0
3562.0,2017-01-11,17.74,18.08,17.68,17.87,221452800.0,12384403,65536,18.41569,19.89,0.5456894683837881,0.0
3565.0,2017-01-16,17.85,18.23,17.61,18.12,516025344.0,28659062,65536,18.806713,20.74,0.6867131042480459,0.0
3573.0,2017-01-26,19.9,20.35,19.77,19.93,214284208.0,10693922,65536,20.06938,21.02,0.13937980651855497,0.0
3577.0,2017-02-08,19.73,19.92,19.45,19.89,258126912.0,13101247,65536,20.127668,20.73,0.23766838073730412,0.0
3591.0,2017-02-28,20.34,20.69,20.23,20.48,294276928.0,14324609,65536,21.584017,21.45,1.1040167999267574,0.0
3594.0,2017-03-03,20.68,20.69,20.25,20.57,250750288.0,12314801,65536,21.51073,21.5,0.9407307434082028,0.0
3596.0,2017-03-07,20.29,20.4,20.21,20.39,168963168.0,8317097,65536,21.29209,21.3,0.9020894622802729,0.0
3609.0,2017-03-24,21.48,21.94,20.96,21.5,828931456.0,38661922,65536,22.783659,21.21,0.0,-1.2836589813232422
3612.0,2017-03-29,21.28,21.69,21.21,21.3,267859840.0,12493094,65536,22.346745,21.78,1.046744537353515,0.0
3616.0,2017-04-06,21.39,21.69,21.18,21.64,1498784384.0,69780810,65536,23.68732,21.17,0.0,-2.047320709228515
3617.0,2017-04-07,21.64,21.7,20.96,21.18,1197945856.0,56500132,65536,23.45088,21.2,2.27088005065918,0.0
3619.0,2017-04-11,22.22,22.29,21.64,22.08,1268090752.0,57732661,65536,23.321712,20.98,0.0,-1.241712493896486
3622.0,2017-04-14,22.0,22.06,21.73,21.84,647397056.0,29578403,65536,22.801434,20.23,0.0,-0.961433563232422
3630.0,2017-04-26,21.49,21.78,21.3,21.52,595199296.0,27609299,65536,20.93273,20.75,0.0,0.5872702789306636
3633.0,2017-05-02,21.21,21.21,20.85,20.98,377153568.0,17991026,65536,20.391993,21.26,-0.5880074310302739,0.0
3641.0,2017-05-12,20.02,20.14,19.85,19.96,299750816.0,14996418,65536,20.560427,21.37,0.600426712036132,0.0
3654.0,2017-06-02,21.44,21.61,21.35,21.36,361259648.0,16839706,65536,21.05919,21.25,0.0,0.3008092498779291
3659.0,2017-06-09,21.88,22.09,21.77,22.01,528367040.0,24073082,65536,21.979784,22.730000000000004,-0.03021598815918125,0.0
3663.0,2017-06-15,21.18,21.3,21.02,21.18,263272464.0,12437284,65536,21.65388,22.64,0.47387916564941435,0.0
3668.0,2017-06-22,20.79,21.2,20.76,21.0,469455360.0,22314873,65536,21.397375,23.04,0.39737510681152344,0.0
3675.0,2017-07-03,22.78,23.07,22.47,22.7,805873216.0,35273793,65536,23.886621,23.9,1.1866214752197273,0.0
3677.0,2017-07-05,22.5,22.89,22.28,22.69,438123264.0,19398927,65536,23.688074,23.8,0.9980741119384753,0.0
3678.0,2017-07-06,22.69,22.7,22.18,22.64,553051200.0,24637148,65536,23.707142,23.91,1.0671418762207026,0.0
3683.0,2017-07-13,22.91,23.66,22.9,23.04,800387264.0,34290805,65536,23.92425,23.48,0.8842496490478524,0.0
3684.0,2017-07-14,23.1,23.35,22.9,23.32,418655520.0,18035398,65536,23.61902,23.29,0.0,-0.29902046203613253
3687.0,2017-07-19,23.6,24.68,23.6,24.44,1420023808.0,58393722,65536,24.386915,23.66,0.0,0.05308479309082159
3688.0,2017-07-20,24.4,24.72,24.26,24.4,835385536.0,34087699,65536,24.379557,24.35,0.0,0.020443344116209516
3691.0,2017-07-25,23.83,23.86,23.32,23.74,718920384.0,30542793,65536,24.07929,23.1,0.0,-0.33929039001465
3692.0,2017-07-26,24.29,24.37,23.55,23.8,917191936.0,38301098,65536,24.464396,22.9,0.0,-0.6643955230712884
3694.0,2017-07-28,23.83,24.01,23.54,23.88,452657984.0,19044060,65536,24.414597,23.14,0.0,-0.5345965576171885
3698.0,2017-08-03,24.07,24.22,23.25,23.48,1055313536.0,44782530,65536,24.97387,23.8,1.4938693237304683,0.0
3718.0,2017-08-31,24.06,24.16,23.24,23.48,888031552.0,37682565,65536,24.477629,25.17,0.9976287078857418,0.0
3736.0,2017-09-26,25.55,25.7,25.07,25.31,443723776.0,17568591,65536,26.033497,26.48,0.7234968566894544,0.0
3747.0,2017-10-18,24.34,25.0,24.3,24.99,1017965760.0,41214827,65536,25.500738,25.520000000000003,0.5107381439209,0.0
3754.0,2017-10-27,26.38,26.52,25.74,26.0,1167174144.0,44891133,65536,27.0705,28.340000000000003,1.0704994201660156,0.0
3759.0,2017-11-03,24.95,25.2,24.58,25.15,911571712.0,36666235,65536,26.996582,28.79,1.8465820312500014,0.0
3761.0,2017-11-07,25.19,25.83,25.06,25.24,1683213312.0,66186253,65536,27.34046,30.0,2.1004598236084,0.0
3762.0,2017-11-08,25.25,25.6,25.13,25.52,1339324160.0,52803661,65536,27.423307,31.56,1.9033074188232426,0.0
3764.0,2017-11-10,25.68,25.83,24.95,25.0,1280408576.0,50617730,65536,27.225798,30.75,2.225797653198242,0.0
3773.0,2017-11-23,29.05,29.98,28.53,29.27,2011897472.0,68270549,65536,29.459562,29.07,0.0,-0.1895623016357426
3782.0,2017-12-06,30.96,30.96,29.3,30.42,2147001856.0,71608547,65536,31.090387,29.09,0.0,-0.6703873443603499
3783.0,2017-12-07,29.85,30.08,29.03,29.39,1431959936.0,48786762,65536,30.688433,29.35,0.0,-1.2984326934814447
3784.0,2017-12-08,29.39,29.62,28.51,29.46,1307316992.0,44934246,65536,30.513548,29.329999999999995,0.0,-1.0535478973388663
3789.0,2017-12-15,29.08,29.1,27.6,27.93,1475371904.0,52484891,65536,30.488058,33.97,2.558058090209961,0.0
3792.0,2017-12-20,28.8,28.93,28.05,28.55,878285376.0,30923080,65536,30.62214,31.240000000000002,2.0721408843994134,0.0
3796.0,2017-12-26,29.33,30.05,28.88,29.97,1152554112.0,39154720,65536,31.301405,31.49,1.3314049530029308,0.0
3799.0,2017-12-29,29.4,29.7,29.14,29.33,744963584.0,25365835,65536,30.84745,32.99,1.517450256347658,0.0
3804.0,2018-01-08,33.97,35.5,33.39,33.97,3080598528.0,89975850,65536,32.93495,34.97,-1.0350482177734364,0.0
3808.0,2018-01-12,31.2,32.15,31.0,31.56,1828748800.0,57749298,65536,31.524658,36.91,-0.03534179687499872,0.0
3809.0,2018-01-15,31.59,31.87,31.03,31.37,1552424576.0,49291592,65536,31.370302,36.68,0.00030220031738181774,0.0
3811.0,2018-01-17,32.06,32.76,31.32,31.49,1753109120.0,55122298,65536,31.708864,34.28,0.21886421203613438,0.0
3822.0,2018-02-01,34.65,35.98,34.26,34.95,1697747584.0,48471426,65536,34.231724,33.13,0.0,0.7182762145996122
3832.0,2018-02-22,33.52,34.1,33.32,33.49,1090928384.0,32470425,65536,34.9574,33.87,1.4674012756347636,0.0
3850.0,2018-03-20,32.4,33.46,32.14,33.08,903302976.0,27505800,65536,33.87099,33.77,0.7909907531738298,0.0
3854.0,2018-03-26,31.61,31.82,30.61,31.4,1307691904.0,41903220,65536,33.23525,32.22,1.8352485656738295,0.0
3857.0,2018-03-29,31.1,32.8,30.28,32.09,1680603008.0,53124609,65536,33.46384,32.66,1.3738404846191372,0.0
3862.0,2018-04-09,33.1,33.77,32.77,33.61,1759466496.0,52856561,65536,34.20131,34.92,0.5913092041015631,0.0
3866.0,2018-04-13,34.0,34.35,33.21,33.38,1052623680.0,31345890,65536,34.047817,36.2,0.6678172302246068,0.0
3868.0,2018-04-17,31.98,32.65,31.74,31.97,1403366144.0,43660591,65536,33.675632,36.05,1.7056324768066418,0.0
3873.0,2018-04-24,32.92,34.54,32.92,34.07,2107302144.0,62078198,65536,34.34077,35.24,0.2707707214355466,0.0
3878.0,2018-05-03,34.65,34.67,33.74,34.28,1162032000.0,34020862,65536,34.372913,33.94,0.0,-0.09291336059570199
3881.0,2018-05-08,35.3,36.36,35.29,36.2,1364717824.0,37972142,65536,35.12301,33.49,0.0,1.076991271972659
3885.0,2018-05-14,35.1,35.45,34.78,35.18,917605632.0,26122854,65536,34.34443,34.94,0.0,0.8355709838867185
3908.0,2018-06-14,36.86,37.15,36.25,36.73,1031701504.0,28126926,65536,34.374706,31.44,0.0,2.35529373168945
3917.0,2018-06-28,32.47,33.11,32.25,32.41,828371968.0,25379936,65536,33.45437,33.77,1.0443685913085972,0.0
3931.0,2018-07-18,33.5,33.84,32.85,32.96,634975936.0,19047097,65536,32.2582,38.5,-0.7017984008789071,0.0
3937.0,2018-07-26,38.4,38.7,36.98,37.25,1499548800.0,39939623,65536,34.299778,36.61,0.0,2.9502220153808594
3948.0,2018-08-10,38.58,39.1,38.37,38.65,1175096064.0,30365528,65536,36.509857,37.13,0.0,2.1401428222656236
3950.0,2018-08-14,38.76,39.26,38.25,38.72,1094185344.0,28208170,65536,36.80567,37.33,0.0,1.9143283081054676
3956.0,2018-08-22,37.3,37.47,36.9,37.46,683594496.0,18349346,65536,36.644993,32.38,0.0,0.8150071716308602
3960.0,2018-08-28,38.49,38.58,37.13,37.6,1185282816.0,31489498,65536,36.75397,34.91,0.0,0.8460289001464858
3967.0,2018-09-06,35.99,36.3,35.27,35.78,710333632.0,19828956,65536,34.396126,36.79,-1.3838742065429699,0.0
3977.0,2018-09-20,35.49,36.36,35.24,35.68,1126866048.0,31493960,65536,32.508545,34.18,0.0,3.1714550781249997
3979.0,2018-09-25,35.96,36.68,35.82,36.43,593213760.0,16335375,65536,32.385082,33.03,0.0,4.044917755126953
3981.0,2018-09-27,36.62,37.24,36.55,36.98,708916800.0,19165305,65536,32.512566,31.22,0.0,4.467434387207028
3982.0,2018-09-28,37.17,37.29,36.08,36.79,846911104.0,23094922,65536,32.56335,31.539999999999996,0.0,4.226649322509765
3983.0,2018-10-08,35.6,35.87,34.31,34.78,1159150080.0,33084318,65536,31.959736,31.0,0.0,2.820264129638673
3987.0,2018-10-12,33.83,35.36,33.51,35.35,1250705664.0,36188260,65536,32.40055,34.49,0.0,2.949449157714845
4007.0,2018-11-09,34.7,34.7,33.09,33.35,712591808.0,21103742,65536,32.232964,31.81,0.0,1.1170364379882827
4008.0,2018-11-12,33.0,33.83,32.88,33.75,635939584.0,19015316,65536,32.066895,32.54,0.0,1.68310546875
4016.0,2018-11-22,32.05,32.25,31.64,31.9,476406912.0,14934999,65536,30.714117,31.899999999999995,0.0,1.1858829498291001
4028.0,2018-12-10,30.75,30.97,30.25,30.69,717392128.0,23448988,65536,25.605326,28.82,0.0,5.084674301147462
4032.0,2018-12-14,31.75,31.75,31.2,31.43,742624576.0,23590819,65536,27.285933,29.05,0.0,4.144067459106445
4033.0,2018-12-17,31.48,31.8,31.04,31.66,518485760.0,16473140,65536,27.676899,29.19,0.0,3.983101043701172
4037.0,2018-12-21,30.0,30.01,28.88,29.59,837462976.0,28552632,65536,29.17134,30.34,-0.41865905761718736,0.0
4043.0,2019-01-02,29.3,29.4,28.56,28.82,551784064.0,19145382,65536,31.269451,30.79,2.4494511413574216,0.0
4047.0,2019-01-08,28.91,29.29,28.66,29.05,490151584.0,16903578,65536,31.869474,32.17,2.8194744110107415,0.0
4048.0,2019-01-09,29.28,29.85,29.15,29.19,786090752.0,26617700,65536,32.0226,31.86,2.832598266601561,0.0
4050.0,2019-01-11,29.92,30.15,29.2,29.67,813612096.0,27490728,65536,31.853325,32.5,2.183324890136717,0.0
4051.0,2019-01-14,29.62,29.82,29.41,29.67,463554944.0,15631370,65536,31.708221,33.22,2.0382214355468733,0.0
4052.0,2019-01-15,29.69,30.38,29.62,30.34,704746944.0,23387181,65536,32.066956,33.53,1.7269555664062501,0.0
4056.0,2019-01-21,31.11,31.56,30.9,31.25,619383488.0,19874174,65536,33.602325,34.88,2.352325439453125,0.0
4062.0,2019-01-29,31.63,32.22,31.48,32.17,768177024.0,24074020,65536,35.080017,35.36,2.9100170898437483,0.0
4066.0,2019-02-11,32.2,33.33,32.15,33.22,1004373760.0,30640576,65536,36.19398,37.18,2.973981170654298,0.0
4078.0,2019-02-27,35.39,35.87,34.9,35.17,1076125568.0,30324850,65536,39.0262,36.88,3.856199340820311,0.0
4080.0,2019-03-01,35.69,37.18,35.52,36.68,1664090112.0,45524020,65536,39.953667,37.35,3.273666687011719,0.0
4081.0,2019-03-04,37.08,38.13,36.55,37.18,2065337856.0,55269394,65536,39.567177,35.97,0.0,-2.3871768188476565
4083.0,2019-03-06,36.98,37.35,36.69,37.23,1108523648.0,29990286,65536,39.335632,37.45,2.105632324218753,0.0
4091.0,2019-03-18,35.0,36.39,34.7,36.27,3107289600.0,87356144,65536,39.5401,43.22,3.270100097656247,0.0
4094.0,2019-03-21,36.98,38.17,36.88,38.07,2277951232.0,60445127,65536,40.210327,41.7,2.1403271484374997,0.0
4098.0,2019-03-27,36.29,37.54,36.21,37.45,1445608576.0,39212253,65536,38.780514,42.44,1.3305137634277315,0.0
4100.0,2019-03-29,37.8,38.42,37.45,38.18,1755286656.0,46168273,65536,39.31843,40.71,1.1384318542480472,0.0
4104.0,2019-04-04,41.44,42.8,41.35,41.95,1960900608.0,46649542,65536,40.274723,39.49,0.0,1.6752769470214872
4114.0,2019-04-19,42.5,42.6,41.8,42.58,796440000.0,18862985,65536,39.77047,39.6,0.0,2.8095303344726545
4119.0,2019-04-26,39.54,39.92,38.83,39.49,1183320320.0,29986546,65536,38.369312,39.26,0.0,1.1206877136230489
4129.0,2019-05-15,38.63,39.74,38.4,39.6,1180954112.0,30168853,65536,39.58993,37.9,0.0,0.010068511962892046
4131.0,2019-05-17,40.38,40.44,38.8,38.95,1163015552.0,29567349,65536,39.891888,38.84,0.0,-0.941887664794919
4132.0,2019-05-20,38.91,39.3,38.15,38.44,756491648.0,19627778,65536,39.27666,40.69,0.8366609191894554,0.0
4143.0,2019-06-04,39.52,39.54,38.1,38.21,871371008.0,22673655,65536,38.492714,40.49,0.2827139282226554,0.0
4152.0,2019-06-18,41.1,41.35,40.59,40.76,1042679680.0,25595167,65536,39.659523,41.8,-1.1004769897460918,0.0
4155.0,2019-06-21,40.55,40.88,39.97,40.16,1000421056.0,24834593,65536,39.28887,41.23,-0.8711282348632778,0.0
4161.0,2019-07-01,42.2,42.36,41.69,41.96,1528771840.0,36364553,65536,40.630665,40.54,0.0,1.3293351745605477
4165.0,2019-07-05,42.98,43.43,42.74,43.3,799040704.0,18520713,65536,41.4726,41.26,0.0,1.8274009704589815
4168.0,2019-07-10,42.08,42.16,40.51,40.82,1372149760.0,33430724,65536,41.16087,39.53,0.0,-0.3408695983886716
4178.0,2019-07-24,40.48,40.93,40.21,40.36,834187008.0,20589834,65536,40.99956,38.39,0.0,-0.6395613098144537
4184.0,2019-08-01,39.54,39.54,38.6,39.2,951466816.0,24367150,65536,40.73016,39.16,0.0,-1.5301597595214815
4188.0,2019-08-07,38.57,38.8,38.11,38.26,599834304.0,15610062,65536,40.638287,39.5,2.378286590576174,0.0
4189.0,2019-08-08,38.46,38.99,38.46,38.63,597436864.0,15433780,65536,40.783184,39.14,2.1531840515136693,0.0
4203.0,2019-08-28,40.0,40.04,39.3,39.5,464341088.0,11735447,65536,39.31433,41.68,-0.1856689453125,0.0
4204.0,2019-08-29,39.56,39.61,39.02,39.14,536569376.0,13691340,65536,39.060318,41.93,-0.07968200683593807,0.0
4207.0,2019-09-03,41.15,41.97,41.12,41.73,1123373056.0,27021924,65536,39.903217,41.48,0.0,1.8267826843261687
4208.0,2019-09-04,41.99,42.75,41.98,42.52,1504619648.0,35477349,65536,40.373264,42.01,0.0,2.1467356872558625
4211.0,2019-09-09,43.34,43.43,42.39,42.67,1105858048.0,25849099,65536,40.837383,42.44,0.0,1.8326167297363298
4221.0,2019-09-24,41.28,41.57,41.15,41.24,401937792.0,9714983,65536,40.714622,41.92,-0.5253775024414082,0.0
4225.0,2019-09-30,41.01,42.23,41.01,41.34,413865536.0,9931180,65536,40.614838,42.18,-0.7251623535156284,0.0
4229.0,2019-10-11,42.0,43.46,42.0,43.26,1693110272.0,39420326,65536,41.383904,43.47,-1.8760964965820293,0.0
4245.0,2019-11-04,44.08,44.79,44.08,44.35,1288849536.0,29031811,65536,44.91428,47.86,0.5642799377441392,0.0
4246.0,2019-11-05,44.53,44.75,43.79,44.19,929964544.0,20954226,65536,45.21724,46.9,1.0272393798828148,0.0
4260.0,2019-11-25,46.28,47.88,46.28,47.86,1947963008.0,41067833,65536,47.05006,48.919999999999995,-0.8099397277832026,0.0
4269.0,2019-12-06,47.0,47.23,46.59,47.12,731056768.0,15561105,65536,48.221245,52.01,1.1012448120117213,0.0
4272.0,2019-12-11,48.37,49.27,48.0,49.18,925283136.0,18905345,65536,48.61874,55.8,-0.5612599182128903,0.0
4282.0,2019-12-25,49.93,51.28,49.47,50.8,982657728.0,19445075,65536,50.79832,51.72999999999999,-0.0016792297363252828,0.0
4285.0,2019-12-30,52.89,54.3,52.31,52.77,1451425664.0,27259478,65536,51.616604,50.12999999999999,0.0,1.1533961486816438
4293.0,2020-01-10,53.11,53.58,52.3,53.44,1328424832.0,25068454,65536,52.135128,51.269999999999996,0.0,1.3048719787597634
4296.0,2020-01-15,53.1,53.21,52.15,52.49,912152640.0,17396916,65536,52.556213,52.54999999999998,0.06621337890624801,0.0
4297.0,2020-01-16,52.27,52.6,51.6,51.73,1283835392.0,24712567,65536,52.806793,52.82,1.0767932128906281,0.0
4301.0,2020-01-22,49.62,50.47,49.31,50.04,1988464768.0,39854244,65536,52.71093,52.449999999999996,2.6709298706054696,0.0
4307.0,2020-02-07,47.69,48.45,47.44,48.31,1154989440.0,24037998,65536,55.76442,54.86,7.45441955566406,0.0
4311.0,2020-02-13,52.0,52.97,51.53,52.55,1964520192.0,37503114,65536,55.0892,59.06000000000001,2.539199066162112,0.0
4314.0,2020-02-18,53.01,53.27,51.37,51.8,2313604096.0,44442094,65536,53.717552,57.57,1.9175521850585966,0.0
4327.0,2020-03-06,58.47,58.6,57.15,57.2,2447990784.0,42461489,65536,56.292633,55.82,0.0,0.9073669433593778
4330.0,2020-03-11,57.53,57.55,56.05,56.14,1420197632.0,25089185,65536,57.639847,54.8,0.0,-1.499846801757812
4331.0,2020-03-12,55.05,55.7,53.89,55.19,1889428352.0,34492545,65536,57.7451,54.72,0.0,-2.555098114013674
4336.0,2020-03-19,51.15,52.26,47.68,50.09,2872678912.0,57758546,65536,55.965958,57.88,5.875957641601559,0.0
4338.0,2020-03-23,50.5,53.0,50.48,51.73,2342375680.0,44988549,65536,56.756413,59.65999999999999,5.026412506103519,0.0
4339.0,2020-03-24,53.13,54.65,52.57,54.65,2472263680.0,45918537,65536,57.975483,57.8,3.3254829406738295,0.0
4347.0,2020-04-03,54.2,55.41,54.2,54.62,960707392.0,17589934,65536,56.575737,58.40999999999999,1.9557369995117213,0.0
4358.0,2020-04-21,59.0,59.84,58.05,59.15,1239552896.0,21053894,65536,57.0743,58.84999999999999,0.0,2.0757011413574205
4373.0,2020-05-15,59.21,59.5,58.17,58.85,1330014592.0,22594174,65536,54.987606,56.13999999999999,0.0,3.862393951416017
4374.0,2020-05-18,59.55,59.98,59.07,59.39,1265688192.0,21229373,65536,54.900246,56.01,0.0,4.489754333496094
4380.0,2020-05-26,57.27,57.96,57.0,57.42,1133239808.0,19786111,65536,53.74874,56.02000000000001,0.0,3.671258850097658
4384.0,2020-06-01,57.43,58.48,56.98,58.35,1914727936.0,33150294,65536,54.055843,54.059999999999995,0.0,4.294156646728517
4388.0,2020-06-05,56.6,56.62,55.18,56.14,1966210304.0,35289213,65536,54.509846,52.91,0.0,1.6301542663574224
4400.0,2020-06-23,53.85,53.86,53.19,53.4,1616458112.0,30222871,65536,56.044254,55.61999999999999,2.644254302978517,0.0
4407.0,2020-07-06,57.23,58.8,57.23,58.42,3001211136.0,51455203,65536,57.889027,59.76,-0.5309733581542986,0.0
4413.0,2020-07-14,58.67,59.88,57.71,58.58,3073928192.0,52420813,65536,58.582867,62.69,0.0028666687011735803,0.0
4427.0,2020-08-03,62.56,63.5,62.02,62.22,2293479680.0,36604399,65536,61.24494,61.579999999999984,0.0,0.9750582885742176
4433.0,2020-08-11,61.98,62.07,60.5,60.55,1348408704.0,22054757,65536,60.399734,60.3,0.0,0.15026550292968466
4435.0,2020-08-13,59.2,59.8,58.64,59.03,1065199808.0,18009894,65536,59.11291,59.57,0.08291122436523324,0.0
4450.0,2020-09-03,59.73,60.32,59.31,59.57,1426718464.0,23903140,65536,56.060307,57.22,0.0,3.5096934509277347
4454.0,2020-09-09,58.03,58.38,57.19,57.7,1126420352.0,19487128,65536,54.354294,55.26,0.0,3.3457061767578153
4456.0,2020-09-11,58.05,58.2,57.2,58.0,802359616.0,13910839,65536,54.07924,56.88999999999999,0.0,3.9207611083984375
4459.0,2020-09-16,59.25,59.63,58.8,59.24,799856320.0,13503676,65536,54.65409,55.66,0.0,4.585909118652346
4466.0,2020-09-25,57.2,57.55,56.52,56.7,818087808.0,14412701,65536,53.326836,51.97,0.0,3.373164367675784
4474.0,2020-10-15,55.61,55.99,55.02,55.66,1127680384.0,20286982,65536,55.77821,54.61000000000001,0.0,-0.11820968627930029
4484.0,2020-10-29,51.0,52.55,50.9,52.05,1430710912.0,27635945,65536,52.58648,56.78999999999999,0.5364791870117216,0.0
4486.0,2020-11-02,50.83,51.55,50.61,51.07,1150506240.0,22563283,65536,54.072704,56.96000000000001,3.0027043151855466,0.0
4489.0,2020-11-05,55.3,55.5,54.19,54.61,2049979776.0,37539884,65536,56.614567,55.01,2.004566802978516,0.0
4491.0,2020-11-09,55.15,55.68,54.73,55.33,2075789312.0,37650346,65536,55.879036,56.499999999999986,0.549035949707033,0.0
4492.0,2020-11-10,55.34,55.6,53.76,54.0,1891594752.0,34624410,65536,54.88206,56.28,0.8820610046386719,0.0
4496.0,2020-11-16,55.4,56.87,55.2,56.76,2350952192.0,41753081,65536,54.67926,54.22999999999999,0.0,2.080739746093748
