Unnamed: 0,Unnamed: 0.1,open,high,low,adjclose,amount,volume,str07,pct_index_300,pct_vol_300,low_1,true_low_1,buy_profit,sell_profit
53,2010-07-27,132.33,138.8,131.05,134.49,205625536.0,1520168,13230,-0.5453478237669285,-7.055132821324128,129.05688,133.18,4.123115234375007,4.789015234375
57,2010-08-02,132.0,134.94,131.5,134.42,203917792.0,1530208,13358,1.6877843038151097,14.650615125632616,130.75246,130.0,-0.7524566650390625,-0.10245666503908524
58,2010-08-03,134.5,134.8,130.0,130.0,184480160.0,1391701,13442,-1.7584933859395968,13.945642310849935,129.24995,127.5,-1.7499542236328125,-1.1124542236328239
59,2010-08-04,129.01,131.8,127.5,131.25,128633616.0,997491,13000,0.3649724177154701,-12.759062676777232,127.84598,130.2,2.3540222167968636,3.0050222167968457
61,2010-08-06,130.0,134.6,128.8,134.26,361716160.0,2767597,13289,1.6426795003560368,11.550913365983215,127.55092,131.8,4.249081420898449,4.908081420898441
66,2010-08-13,128.0,129.5,127.21,129.38,144253072.0,1121541,12778,1.3904324330082265,-2.3132932877368617,126.27559,128.55,2.274411010742199,2.917161010742177
73,2010-08-24,124.7,126.86,122.9,126.46,141772240.0,1135915,12516,0.5400198191416905,24.896555831148625,122.62035,121.00000000000001,-1.6203536987304545,-1.0153536987304648
80,2010-09-02,125.22,135.17,124.57,133.9,490113824.0,3740264,12425,1.2950583209664135,-8.151581531482623,125.78623,131.02,5.233768005371104,5.88886800537108
82,2010-09-06,132.9,135.0,129.0,129.0,192439664.0,1479088,13270,1.8793168984422293,29.20478258106125,127.46381,128.01,0.5461862182617097,1.1862362182616835
86,2010-09-10,128.31,132.5,128.0,131.61,162368640.0,1242315,12879,0.2081012554417283,-20.036536639335367,127.655914,130.0,2.344085693359375,2.9940856933593523
93,2010-09-21,119.53,120.77,119.53,119.91,57932464.0,482485,65536,0.2684370646670153,-28.898818577309786,117.611206,119.95,2.338793945312503,2.938543945312489
94,2010-09-27,120.16,122.49,119.95,122.0,84249688.0,695678,65536,1.6640536416702822,37.256618749654045,118.071556,121.02,2.9484439086914023,3.5535439086913954
95,2010-09-28,121.89,125.1,121.02,123.96,111719040.0,902825,65536,-0.8302840246056098,19.540751522518327,119.310036,121.6,2.289964294433588,2.897964294433578
99,2010-10-11,125.1,125.48,123.49,124.18,140278656.0,1132188,65536,2.912723414459495,58.74328564548208,121.331726,123.01,1.6782739257812551,2.2933239257812374
100,2010-10-12,124.16,126.5,123.01,124.99,103043976.0,825067,65536,1.2713460372179022,-19.764524505587,122.38291,123.18,0.7970883178711006,1.4129883178710827
109,2010-10-25,127.5,127.88,124.0,125.2,240150576.0,1918481,65536,3.0313793042211934,24.98348578263063,120.95131,123.2,2.2486907958984403,2.864690795898426
112,2010-10-28,125.88,126.41,123.61,124.35,112959008.0,906283,65536,-0.18155805010179327,-20.53312187296913,122.31629,123.26,0.9437081909179739,1.560008190917955
113,2010-10-29,124.94,124.97,123.26,124.69,115104784.0,925680,65536,-0.52123648714274,2.1449167954726622,121.98916,124.7,2.710841369628909,3.334341369628902
117,2010-11-04,122.52,124.32,121.99,123.98,194522496.0,1583715,65536,1.7588894671289879,-7.565586207768171,121.24145,123.1,1.8585525512695256,2.4740525512695086
132,2010-11-25,151.0,151.87,143.66,143.75,350759200.0,2395878,65536,1.4617379699342736,10.765680009140333,139.64542,141.89,2.2445837402343614,2.954033740234337
133,2010-11-26,142.9,145.88,141.89,143.64,168909632.0,1172552,65536,-0.8881705485996538,-22.739446112174512,139.73383,143.99,4.256174316406259,4.976124316406242
144,2010-12-13,147.0,151.89,147.0,151.26,174664960.0,1158653,65536,3.1334796551527817,67.60097187605858,142.06004,149.68,7.619956665039069,8.368356665039045
148,2010-12-17,152.39,153.3,151.0,152.31,122597536.0,806214,65536,-0.15507619162589134,-20.916472599951145,143.52104,143.5,-0.0210418701171875,0.6964581298827852
168,2011-01-17,132.0,132.49,125.58,125.99,95034760.0,736728,65536,-3.800624866585167,25.221668341504344,126.83112,123.18,-3.6511233520507744,-3.0352233520507923
172,2011-01-21,123.27,126.5,122.51,125.1,63551260.0,513157,65536,1.3159190548475141,19.74936279460937,121.61555,122.5,0.8844528198242188,1.4969528198242017
176,2011-01-27,124.01,126.29,124.01,126.2,50119324.0,398921,65536,1.6129303022061947,90.39990543857093,121.35631,125.23,3.8736920166015665,4.499842016601548
188,2011-02-22,131.8,132.07,128.2,128.3,108216920.0,835096,65536,-2.8954145449076263,35.848923553638244,127.09432,126.91,-0.18432220458984716,0.450227795410143
193,2011-03-01,132.7,132.88,131.35,132.14,105796984.0,802024,65536,0.4732124115620629,15.576390093349454,127.29778,129.19,1.892217102050779,2.538167102050778
199,2011-03-09,129.82,132.3,129.81,131.0,119345256.0,910542,65536,0.04194806829145303,-8.073047340347228,126.67936,131.1,4.420640563964838,5.076140563964827
215,2011-03-31,130.02,131.99,129.0,129.52,82578000.0,633810,65536,-1.0070391390874955,-17.65777866279349,126.1669,128.0,1.833099365234375,2.4730993652343614
226,2011-04-20,103.97,103.97,103.97,103.97,54833776.0,527400,65536,-0.0015170777441619876,-14.997150702164298,107.78688,93.8,-13.986880493164065,-13.517880493164071
227,2011-04-21,93.8,100.0,93.8,96.62,461090112.0,4766916,65536,0.6556909483700135,1.240067534640854,96.210495,93.72,-2.4904949951171886,-2.0218949951171936
232,2011-04-28,86.95,88.85,86.68,87.63,164216848.0,1869386,65536,-1.4868359557563382,4.174438016969795,82.7007,39.1,-43.60069885253906,-43.405198852539066
240,2011-05-11,36.19,37.4,36.01,36.89,138394448.0,3762201,65536,-0.2581488129594467,16.50389374146699,34.068565,35.8,1.7314346313476534,1.9104346313476483
243,2011-05-16,35.35,35.43,34.5,34.6,76198400.0,2186078,65536,-0.8832866062037925,-3.6285264798233907,31.942583,34.28,2.337416915893556,2.5088169158935543
247,2011-05-20,34.5,34.64,33.58,33.66,66622584.0,1958058,65536,0.030762920426585794,-10.76939406944648,32.0023,31.5,-0.5023002624511719,-0.34480026245117656
253,2011-05-30,32.07,33.55,31.81,33.05,113816168.0,3445737,65536,-0.2969652179488413,-18.93751137601601,31.7636,32.41,0.6464006042480435,0.808450604248037
264,2011-06-15,35.9,36.9,35.65,36.0,209974608.0,5796580,65536,-1.0168495036010694,-20.706288170753826,35.324574,35.4,0.07542648315429545,0.25242648315429506
265,2011-06-16,35.83,37.7,35.4,37.03,331475040.0,8979563,65536,-1.5368935446421372,-7.333425364307045,35.06313,36.01,0.9468705749511699,1.1269205749511642
269,2011-06-22,37.38,37.38,36.02,36.13,157676624.0,4314395,65536,-0.016843871065330696,-11.227977938445287,35.14301,34.91,-0.23300918579101904,-0.058459185791022605
275,2011-07-01,38.42,39.94,37.61,39.61,248192672.0,6415492,65536,0.18593405582620906,-9.177059322812577,37.383297,39.54,2.1567030334472648,2.3544030334472623
276,2011-07-04,40.0,41.5,39.54,40.48,240526288.0,5965904,65536,2.368390851709168,41.745244342660115,39.15125,39.70000000000001,0.5487510681152443,0.74725106811524
285,2011-07-15,38.88,40.14,38.52,40.0,167458640.0,4222109,65536,0.4217283158148177,2.0482273586135857,38.05016,39.31,1.2598405456542991,1.456390545654294
288,2011-07-20,38.51,38.94,37.9,38.32,62525540.0,1628083,65536,-0.115019401446792,-17.363929890119657,36.38558,37.8,1.414421844482419,1.603421844482412
289,2011-07-21,38.35,38.77,37.8,37.83,50893184.0,1339235,65536,-1.0489815854080708,-0.07624948459632462,36.15516,37.64,1.4848410034179693,1.6730410034179641
290,2011-07-22,37.9,38.17,37.64,38.01,45514844.0,1200227,65536,0.28929699196504904,-15.487090518565724,36.16017,35.11,-1.050171508789063,-0.874621508789069
293,2011-07-27,35.06,35.92,34.0,35.69,65481884.0,1859693,65536,0.7482109095061196,11.191781807554047,33.460014,34.8,1.3399856567382784,1.513985656738278
297,2011-08-02,34.65,34.65,33.5,34.03,67768296.0,2004134,65536,-0.7166556963045467,15.024686937735245,32.118023,33.5,1.3819770812988281,1.549477081298825
317,2011-08-30,32.6,32.78,31.89,31.99,40328980.0,1241771,65536,-0.3880384603250908,-2.552592908849194,30.830288,31.49,0.6597120666503891,0.8171620666503863
319,2011-09-01,32.09,32.6,31.82,32.03,41024060.0,1273850,65536,-0.429959462972207,-6.195350869890302,30.754452,31.36,0.6055482482910151,0.762348248291012
320,2011-09-02,31.81,32.05,31.36,31.6,28958696.0,916602,65536,-1.0827153612226303,-2.661422793053969,30.276306,30.53,0.25369384765625114,0.40634384765624887
326,2011-09-13,30.07,30.47,30.02,30.25,19289578.0,637516,65536,-1.1202791610628315,-1.3287493679705942,28.811092,30.010000000000005,1.1989076232910207,1.3489576232910174
333,2011-09-22,31.06,31.15,30.2,30.26,30518932.0,992926,65536,-3.0790217285394217,-16.178743877189678,29.362995,29.610000000000003,0.24700485229492486,0.39505485229492265
334,2011-09-23,29.75,30.43,29.61,30.2,24984130.0,831011,65536,-0.6035692875946186,-9.575756443478989,28.93589,29.5,0.5641098022460938,0.711609802246091
338,2011-09-29,29.03,29.2,28.55,28.56,24887144.0,864598,65536,-0.8580435840174094,8.557436583531741,27.302853,28.31,1.0071473693847643,1.148697369384763
341,2011-10-11,29.48,29.6,28.55,28.72,19374828.0,663239,65536,-0.19905517230591752,58.97494810437181,28.222984,28.569999999999997,0.347015686035153,0.4898656860351487
343,2011-10-13,29.4,30.14,29.36,29.91,33176386.0,1112053,65536,0.6745413572498027,-8.369735515654696,28.8771,29.6,0.7229000091552749,0.870900009155271
353,2011-10-27,28.38,28.86,28.18,28.23,34722340.0,1216719,65536,0.2198631041049781,-33.21263138483225,27.772327,28.3,0.5276725769042976,0.6691725769042947
355,2011-10-31,29.09,30.29,28.8,29.75,58512012.0,1970551,65536,-0.5060870720777322,-29.64136325470539,28.819178,29.2,0.3808223724365227,0.52682237243652
357,2011-11-02,29.06,29.92,28.81,29.91,51164588.0,1743689,65536,1.6630028210992798,16.583025476405002,28.591816,30.08,1.4881840515136702,1.6385840515136678
362,2011-11-09,29.77,30.15,29.33,30.15,40350128.0,1354411,65536,0.8776592819617957,-2.1015092811724423,28.92966,29.69,0.7603392028808607,0.9087892028808575
368,2011-11-17,33.6,34.33,32.53,33.69,195878400.0,5845398,65536,-0.3033571524875267,-37.00065875784298,32.65563,32.53,-0.125628204345702,0.03702179565429731
376,2011-11-29,29.76,30.85,29.51,30.69,68691864.0,2260403,65536,1.3698257503924838,16.982712700884896,29.354183,28.38,-0.9741831970214854,-0.8322831970214892
385,2011-12-12,28.5,28.6,27.82,27.88,18265644.0,649556,65536,-1.0293753445231757,-8.855153254232716,27.19693,26.92,-0.2769299316406233,-0.1423299316406279
387,2011-12-14,27.0,27.26,26.66,26.93,16652640.0,616463,65536,-1.0095254610992033,-29.110142374330767,25.943697,26.700000000000003,0.756303024291995,0.889803024291993
390,2011-12-19,27.48,27.48,26.55,27.19,25380954.0,941389,65536,-0.239317526661742,4.427849676573191,26.146048,26.650000000000002,0.5039524078369162,0.637202407836913
394,2011-12-26,26.77,27.0,26.4,26.47,15322219.0,574287,65536,-0.9944217433323744,-14.890028630442927,25.410849,25.11,-0.3008486175537115,-0.17529861755371456
395,2011-12-27,26.48,26.72,25.11,25.17,26836102.0,1039794,65536,-1.3126685790127102,3.7316601242052494,24.438574,24.2,-0.23857383728027415,-0.11757383728027548
398,2011-12-30,24.52,24.95,24.39,24.7,16180502.0,654198,65536,1.4874359684341476,16.114968094095715,24.171482,24.71,0.5385179138183602,0.6620679138183583
399,2012-01-04,25.0,25.66,24.71,24.74,21416230.0,852175,65536,-2.003205811385733,-4.23997127246566,24.350155,23.11,-1.240154876708985,-1.124604876708986
401,2012-01-06,23.08,23.3,22.44,23.09,15612650.0,682226,65536,0.6242339845105693,-18.17323965140801,21.975964,22.89,0.9140364074707037,1.0284864074707016
403,2012-01-10,23.99,25.11,23.82,24.99,32105628.0,1299424,65536,3.326057494606438,48.28966201738177,24.63617,24.81,0.17383056640624872,0.2978805664062456
408,2012-01-17,22.65,23.99,22.57,23.85,23151588.0,993577,65536,4.900560612197036,110.32313372246244,23.281038,23.08,-0.20103828430175952,-0.08563828430176201
418,2012-02-07,24.75,24.86,24.1,24.26,18082954.0,741448,65536,-1.851600434449285,-11.980373516758744,23.553106,24.15,0.5968936920166001,0.7176436920165976
419,2012-02-08,24.26,25.77,24.15,25.39,37160904.0,1469956,65536,2.8597001566345925,41.60191479840654,24.752157,25.05,0.2978427886962898,0.4230927886962874
422,2012-02-13,25.13,26.09,25.0,25.7,32790530.0,1272438,65536,-0.06472951744933564,-15.691053819663825,24.88745,25.5,0.6125507354736328,0.7400507354736305
426,2012-02-17,25.81,26.0,25.48,25.72,23886338.0,929221,65536,0.040219710023770006,-28.31251580670443,24.979006,25.559999999999995,0.5809941864013624,0.7087941864013594
435,2012-03-01,26.3,26.55,26.2,26.23,23487814.0,889910,65536,-0.02999081294084993,-28.707215600703417,25.512869,26.25,0.7371311187744141,0.8683811187744119
436,2012-03-02,26.28,26.59,26.25,26.51,25779628.0,975008,65536,1.7688495642432578,52.13382150955478,25.813175,26.46,0.6468247985839852,0.7791247985839824
437,2012-03-05,26.51,27.2,26.46,26.7,40727964.0,1518076,65536,-0.6429272406368813,11.343096196854894,25.91993,26.1,0.18007049560547017,0.310570495605468
439,2012-03-08,26.35,26.92,26.35,26.86,32503198.0,1214868,65536,1.2597003457548883,1.0547732466673176,26.13293,26.83,0.6970692443847639,0.8312192443847621
445,2012-03-16,26.56,27.1,26.1,26.7,51287604.0,1928892,65536,1.4685463441047375,-19.94695722346952,26.141506,26.18,0.03849380493164034,0.16939380493163725
451,2012-03-26,26.03,26.8,25.92,26.13,39930368.0,1514451,65536,0.0979263124084362,-26.57106551748777,25.34913,25.65,0.3008693695068345,0.42911936950683227
464,2012-04-17,23.9,24.44,23.85,23.92,25664838.0,1063646,65536,-1.2493978337554943,-7.405130302132479,23.296421,23.93,0.6335789489746091,0.7532289489746056
485,2012-05-21,22.35,22.55,21.81,22.0,38508720.0,1742201,65536,0.5147670145067229,-11.100410472781107,21.702433,22.08,0.37756736755370923,0.48796736755370773
488,2012-05-24,22.33,22.42,22.05,22.15,29574498.0,1332799,65536,-0.8257957024995433,-2.0024574371577786,21.702587,21.75,0.047412872314453125,0.15616287231445014
500,2012-06-11,21.27,21.38,21.04,21.33,23165240.0,1089979,65536,1.3441190335653497,-8.569248210057058,20.979662,21.11,0.13033805847167912,0.2358880584716765
501,2012-06-12,21.35,21.35,21.11,21.14,18141552.0,855008,65536,-0.7067303557887095,-5.390717701965119,20.605328,21.14,0.5346723937988287,0.6403723937988275
505,2012-06-18,22.05,23.36,22.05,22.52,89853280.0,3963433,65536,0.5124510815599281,-16.576536881926874,22.401064,22.28,-0.12106391906738168,-0.009663919067385507
509,2012-06-25,21.57,21.71,21.24,21.25,26133282.0,1218235,65536,-2.2159948093098065,13.306321611836937,20.76024,21.0,0.2397594451904297,0.34475944519042656
510,2012-06-26,21.13,21.58,21.0,21.42,26930932.0,1267076,65536,-0.06513278947454237,-20.876112204097396,21.101076,21.26,0.15892387390136875,0.26522387390136615
512,2012-06-28,21.3,21.44,20.93,20.93,22753592.0,1074237,65536,-0.877329192546572,1.78475065927568,20.423157,20.54,0.11684326171874915,0.21954326171874783
521,2012-07-11,20.84,21.1,20.6,20.98,13099677.0,626030,65536,0.7836423997905849,5.834961838520102,20.585955,20.82,0.23404533386230497,0.33814533386230394
526,2012-07-18,20.85,20.95,20.5,20.91,18593504.0,896862,65536,0.005384806561181677,24.91436402507885,20.312038,20.679999999999996,0.3679615783691368,0.47136157836913384
540,2012-08-07,20.55,20.67,20.49,20.61,21683588.0,1053358,65536,0.13665268002731598,-8.453179785639463,20.262135,20.4,0.13786544799804545,0.2398654479980422
552,2012-08-23,20.1,20.28,20.01,20.18,20601240.0,1022605,65536,0.28794340452780176,-1.1765647551192358,19.868378,19.6,-0.2683776855468736,-0.1703776855468746
558,2012-08-31,18.88,19.1,18.84,18.94,9831871.0,519115,65536,-0.29393543369042874,-26.841285937318183,18.652699,18.78,0.127301483154298,0.22120148315429589
561,2012-09-05,19.25,19.64,19.12,19.4,14241683.0,734887,65536,-0.205497162506052,-0.2894009208127657,19.355171,19.31,-0.04517120361328253,0.0513787963867145
563,2012-09-07,19.65,20.37,19.51,20.11,49889500.0,2490672,65536,4.480075028631704,198.23987240740783,20.300247,20.02,-0.2802471923828129,-0.1801471923828153
564,2012-09-10,20.12,20.5,20.02,20.35,51859444.0,2556403,65536,0.4095495386633896,-30.88890605925981,20.111074,20.139999999999997,0.028925552368161078,0.12962555236815732
567,2012-09-13,20.2,20.6,20.08,20.35,49083548.0,2402267,65536,-0.9314374135263259,-15.260549656105725,19.954832,20.2,0.2451679229736321,0.3461679229736312
572,2012-09-20,20.15,20.15,19.84,19.92,32719196.0,1638713,65536,-2.2388524823705347,23.86067874933195,19.540813,19.58,0.03918655395507642,0.13708655395507563
573,2012-09-21,19.7,20.06,19.58,19.67,20792278.0,1049959,65536,0.14162435392428566,-10.400998886399515,19.577063,19.21,-0.3670626068115226,-0.2710126068115244
581,2012-10-10,21.54,22.14,21.28,21.87,189812064.0,8758443,65536,0.170677884283843,-18.768521205786904,21.150827,21.42,0.26917259216308764,0.3762725921630867
583,2012-10-12,22.0,22.4,21.61,22.05,191412768.0,8708149,65536,0.08686097466699128,-10.717771909428553,21.660055,20.99,-0.6700551605224625,-0.5651051605224637
587,2012-10-18,20.87,21.15,20.72,20.92,64576812.0,3084334,65536,1.5333796940194544,51.7721048669858,20.848507,20.67,-0.17850692749023267,-0.07515692749023373
590,2012-10-23,21.06,21.14,20.67,20.8,29174898.0,1399206,65536,-1.2602547841424117,8.301216999881799,20.488688,20.6,0.11131248474121236,0.21431248474121034
592,2012-10-25,20.81,21.2,20.74,20.75,38880116.0,1854937,65536,-0.7167060985016072,18.137033962492307,20.533342,19.81,-0.7233423614501966,-0.6242923614501983
599,2012-11-05,20.12,20.25,19.83,19.98,18188120.0,907865,65536,-0.21198472322770945,-0.8106687050288164,19.593395,19.75,0.15660476684570312,0.25535476684570213
601,2012-11-07,19.92,20.0,19.64,19.87,14341070.0,723492,65536,-0.2054785556297234,-15.817527556268384,19.657227,19.37,-0.287226562499999,-0.19037656250000268
602,2012-11-08,19.7,19.82,19.37,19.37,15863511.0,811161,65536,-1.8400000000000083,7.134131458705717,19.027264,19.19,0.1627363586425794,0.25868635864257783
605,2012-11-13,19.42,19.42,19.13,19.19,12479050.0,648834,65536,-1.7501165708195376,-1.8374137084648967,18.803312,19.17,0.3666876983642595,0.4625376983642582
608,2012-11-16,19.22,19.22,18.91,19.0,11128326.0,586034,65536,-0.7467109162024421,6.8103560025510665,18.757046,18.95,0.19295425415038991,0.2877042541503876
610,2012-11-20,19.21,19.31,18.99,19.05,11801244.0,618300,65536,-0.4648297233550314,-11.230169794162547,18.87353,18.98,0.10647056579589886,0.20137056579589796
631,2012-12-19,18.25,18.31,18.11,18.2,54300120.0,2980645,65536,0.12626049355608515,-26.219453973743075,18.030733,17.71,-0.32073310852050696,-0.23218310852050905
632,2012-12-20,18.24,18.24,17.71,17.95,54698864.0,3057896,65536,0.5782102053468741,3.7333505233555937,17.769781,17.8,0.030218887329102273,0.11921888732910091
633,2012-12-21,17.95,18.12,17.8,18.0,39256460.0,2184506,65536,-0.5375667765282199,4.6587076030323304,17.634493,18.11,0.4755071258544916,0.5660571258544884
635,2012-12-25,18.2,18.61,18.02,18.49,94903688.0,5159512,65536,2.8212428922989248,79.8977957015619,18.400827,18.45,0.04917259216308523,0.14142259216308162
639,2012-12-31,18.8,18.91,18.67,18.75,55721824.0,2967172,65536,1.7298038346000857,22.08840945747199,18.649252,18.46,-0.18925193786621008,-0.09695193786621203
645,2013-01-11,19.2,19.27,18.63,18.7,71224248.0,3759064,65536,-1.870724777421695,4.435922856221387,18.308947,18.6,0.2910533905029311,0.3840533905029275
647,2013-01-15,19.2,19.65,19.16,19.43,127595768.0,6576160,65536,0.7033320014121047,5.415812334705915,18.87165,18.96,0.0883493041992196,0.18314930419921893
652,2013-01-22,19.3,19.32,18.72,18.85,104967408.0,5525736,65536,-0.5362135662032252,25.712077563363327,18.36475,18.49,0.1252500915527328,0.2177000915527323
679,2013-03-07,19.71,19.75,19.21,19.38,69238648.0,3549808,65536,-1.1591577994113589,-1.8230119420657,18.811768,19.26,0.44823242187500156,0.544532421875001
681,2013-03-11,19.76,19.97,19.53,19.8,61650520.0,3125352,65536,-0.5585113524336993,-14.27424572591043,19.66294,18.91,-0.7529390716552733,-0.6583890716552752
684,2013-03-14,18.41,18.62,18.32,18.36,35140680.0,1905170,65536,0.2682503194869401,-15.638192564795684,18.045897,18.1,0.054103469848634234,0.14460346984863293
686,2013-03-18,18.3,18.59,18.21,18.29,31115648.0,1692570,65536,-1.4717288680129337,-26.49481146413851,18.10621,18.05,-0.05621070861816335,0.03403929138183415
687,2013-03-19,18.28,18.46,18.05,18.26,40756620.0,2233242,65536,0.9035001138865796,-8.821362552329537,18.27411,18.22,-0.05411079406738395,0.036989205932613345
689,2013-03-21,18.58,18.68,18.44,18.58,61338896.0,3306790,65536,0.18466230168914244,-23.316120147445073,18.094849,18.47,0.37515136718749886,0.4675013671874986
692,2013-03-26,18.53,18.53,18.0,18.18,47750920.0,2628007,65536,-1.4561249091117778,13.688885676897993,17.93325,18.0,0.06674957275390625,0.15674957275390256
694,2013-03-28,18.11,18.18,17.69,17.72,48706448.0,2731243,65536,-3.2602679279900015,53.898726572916075,17.346016,17.74,0.3939840698242172,0.4826840698242165
698,2013-04-03,18.0,18.31,17.96,18.2,40416620.0,2224513,65536,-0.1142218236077075,-18.17380823182869,17.860556,17.89,0.02944435119628963,0.118894351196289
699,2013-04-08,18.03,18.47,17.89,18.41,51288504.0,2799866,65536,-0.4529806124297875,16.970664328925974,18.029547,18.23,0.200453262329102,0.29160326232910094
700,2013-04-09,18.48,18.48,18.23,18.3,39250724.0,2143801,65536,0.6928770780245008,-1.7016940538162384,18.355051,18.02,-0.3350510406494145,-0.24495104064941486
701,2013-04-10,18.37,18.37,18.02,18.1,32297438.0,1774130,65536,-0.16549973287057762,-9.32415997427286,17.850727,18.08,0.22927291870117017,0.3196729187011691
703,2013-04-12,18.14,18.17,17.74,17.74,41263804.0,2303550,65536,-0.6364311427510594,-7.147436617639871,17.614758,17.4,-0.2147575378417983,-0.12775753784179855
711,2013-04-24,17.25,17.55,17.19,17.44,33376636.0,1921878,65536,1.882448039780038,3.9518163869274088,17.796753,16.95,-0.8467529296875007,-0.762002929687501
724,2013-05-16,17.68,17.78,17.5,17.53,48289544.0,2736960,65536,1.8261379456147693,60.20983641874593,17.742529,17.41,-0.3325289154052733,-0.24547891540527544
725,2013-05-17,17.5,18.06,17.41,17.97,53933368.0,3028113,65536,1.5411072938171566,15.614710691601985,17.649714,17.83,0.18028648376464673,0.26943648376464324
733,2013-05-29,18.54,18.74,18.41,18.43,49009036.0,2636582,65536,-0.06806940053548649,-5.8416034697659205,18.293215,18.32,0.02678520202636747,0.11838520202636715
734,2013-05-30,18.35,18.57,18.32,18.51,43598076.0,2364074,65536,-0.31181884233469903,-11.518169628236866,18.231615,18.57,0.33838493347167997,0.4312349334716785
739,2013-06-06,17.63,17.69,17.35,17.35,35772556.0,2051068,65536,-1.2770743671256746,15.030144382455779,16.791904,16.97,0.17809555053710824,0.26294555053710766
740,2013-06-07,17.28,17.45,16.97,17.0,35620592.0,2075800,65536,-1.7279574656623995,16.257008153815278,16.870407,16.35,-0.5204071044921861,-0.43865710449218653
743,2013-06-17,17.03,18.63,17.0,18.63,101829024.0,5622582,65536,-0.5350116064002708,-9.950628732118094,17.998922,18.5,0.5010776519775391,0.5935776519775366
748,2013-06-24,18.4,18.68,17.26,18.05,102664888.0,5673826,65536,-6.307958522303102,47.51057297611389,17.324078,16.68,-0.6440776062011722,-0.5606776062011747
757,2013-07-05,18.69,19.27,18.53,18.84,105670264.0,5566430,65536,0.2191738899540052,-14.823918801501412,18.594496,17.84,-0.7544957733154298,-0.6652957733154317
758,2013-07-08,18.45,18.6,17.84,17.84,74564440.0,4102832,65536,-2.839436872712575,-11.386411988332588,17.353678,17.49,0.13632225036620937,0.2237722503662063
768,2013-07-22,19.24,20.33,18.96,20.21,155619344.0,7859299,65536,0.5345860268069158,-24.458379566696852,19.790073,19.91,0.11992660522460952,0.21947660522460666
774,2013-07-30,19.76,20.0,19.23,19.5,72599520.0,3705633,65536,0.6167364439767065,1.0855090824926528,19.425465,19.16,-0.265464630126953,-0.16966463012695598
776,2013-08-01,19.3,19.86,19.2,19.84,58490768.0,2976970,65536,2.38666314032705,29.54233813750911,19.400534,19.81,0.4094663238525378,0.5085163238525361
777,2013-08-02,19.82,20.43,19.81,19.99,94840416.0,4706765,65536,0.08461894751843335,-2.7364131398830653,19.701452,20.0,0.29854774475097656,0.39854774475097443
782,2013-08-09,20.53,20.66,20.03,20.24,68889608.0,3391415,65536,0.4053970958985964,21.66087961546133,20.154533,19.96,-0.1945333862304679,-0.09473338623046956
787,2013-08-16,19.35,19.8,19.19,19.25,57412724.0,2944304,65536,-0.7512125362899469,94.29533931777634,19.081621,19.28,0.19837882995605582,0.294778829956055
792,2013-08-23,19.48,19.64,18.9,19.0,55770060.0,2910524,65536,-0.7378696401366347,24.62865189598835,18.604511,19.01,0.40548873901367344,0.5005387390136704
793,2013-08-26,19.01,19.4,19.01,19.26,47300996.0,2455798,65536,2.129055108814004,2.0356218084344624,19.034353,19.19,0.15564674377441534,0.25159674377441377
794,2013-08-27,19.26,19.44,19.19,19.28,42436060.0,2199401,65536,0.2252078677182245,-6.225159970984082,18.865736,18.96,0.09426399230957117,0.1890639923095705
795,2013-08-28,19.18,19.23,18.96,19.02,47191172.0,2471225,65536,-0.5476572912750832,35.25643824224982,18.58138,18.36,-0.2213808441162115,-0.1295808441162123
805,2013-09-11,19.0,19.49,18.82,19.43,98365120.0,5113796,65536,0.3232466897518771,7.787223370730145,18.846325,19.35,0.5036750793457045,0.6004250793457011
807,2013-09-13,19.5,19.55,19.26,19.53,38709704.0,1997110,65536,-0.7397954096791448,-23.69454687479281,19.211376,19.55,0.33862380981445384,0.4363738098144516
818,2014-01-03,20.48,21.21,19.94,21.07,161020064.0,7767318,65536,-1.343680824124227,32.279196502938824,20.457369,20.21,-0.24736885070800696,-0.14631885070800976
819,2014-01-06,20.94,21.06,20.21,20.36,78625224.0,3814665,65536,-2.2760806362898345,10.902424942891042,20.413218,20.11,-0.30321754455566463,-0.20266754455566627
825,2014-01-14,19.2,19.45,19.06,19.28,35334056.0,1834468,65536,0.8738740381459609,7.835111354176494,19.21167,18.54,-0.6716699218750009,-0.5789699218750037
826,2014-01-15,19.3,19.4,18.54,18.83,77047712.0,4085064,65536,-0.17669521205684324,-9.412686380617538,18.39065,18.71,0.3193502044677743,0.4129002044677712
832,2014-01-23,19.14,19.29,19.06,19.15,68803264.0,3588296,65536,-0.5307959711204346,-20.236616288966626,18.752487,19.01,0.25751281738281406,0.35256281738281103
835,2014-01-28,19.1,19.36,19.04,19.17,42785992.0,2228106,65536,0.17780425286111345,-24.27364990165649,19.159115,19.13,-0.02911483764648537,0.06653516235351375
838,2014-02-07,20.1,20.98,20.05,20.66,96026328.0,4657904,65536,0.4554019387500441,15.646689205319063,20.554783,20.51,-0.04478286743163906,0.05776713256835819
841,2014-02-12,20.88,21.3,20.8,21.16,97406920.0,4628394,65536,0.24895430441556066,-22.813369959551178,20.64591,20.42,-0.22591026306152173,-0.1238102630615252
843,2014-02-14,20.55,20.89,20.45,20.65,78603416.0,3803267,65536,0.7027702836086114,-30.280047278991205,20.28605,20.679999999999996,0.3939492034912071,0.49734920349120415
845,2014-02-18,21.72,22.15,21.35,22.07,201000128.0,9244812,65536,-1.263599593364051,-0.8902518141919336,21.388441,21.6,0.21155891418457173,0.3195589141845687
846,2014-02-19,21.9,22.12,21.6,21.6,160906032.0,7389571,65536,1.1487706139044151,14.133089399241538,21.525826,21.029999999999998,-0.49582550048828367,-0.39067550048828537
856,2014-03-05,22.88,23.19,22.31,22.59,115217320.0,5060574,65536,-0.9289144657025016,-16.063166106125347,22.021883,22.08,0.05811698913574048,0.16851698913573898
866,2014-03-19,21.53,21.53,21.06,21.36,44484380.0,2087418,65536,-0.8072474545514186,7.135461901922691,20.800245,21.0,0.1997547149658203,0.3047547149658172
874,2014-03-31,21.0,21.53,20.34,20.98,90675608.0,4329947,65536,-0.26301604119034483,-20.87231367635621,20.66599,20.65,-0.01599082946777486,0.08725917053222432
877,2014-04-03,20.9,21.0,20.45,20.56,42496564.0,2058937,65536,-0.7208595286899211,9.989005563209318,20.114119,20.4,0.2858814239501939,0.38788142395019065
880,2014-04-09,21.01,21.17,20.87,21.03,40598312.0,1933751,65536,0.05810523304667914,-31.744630019628747,20.731192,20.96,0.22880836486816492,0.33360836486816225
882,2014-04-11,21.17,21.48,21.17,21.31,60077112.0,2813576,65536,-0.13589824783618587,-20.890849353581665,20.974676,21.19,0.21532386779785284,0.3212738677978493
890,2014-04-23,20.48,20.58,20.3,20.35,27715992.0,1358399,65536,-0.0969592134013153,-16.343310290795145,20.115437,19.69,-0.42543655395507685,-0.3269865539550807
895,2014-04-30,19.43,19.48,19.25,19.33,25152582.0,1299453,65536,0.008802531422724691,-5.954384625091567,19.013863,18.84,-0.1738626098632814,-0.07966260986328422
897,2014-05-06,19.05,19.25,19.0,19.16,47688052.0,2492797,65536,0.039879989056190716,-2.5485411388719403,18.81401,18.76,-0.05401062011718594,0.03978937988281217
900,2014-05-09,18.99,18.99,18.44,18.65,32631018.0,1746640,65536,-0.07445563099977015,1.7559278805056255,18.52179,18.65,0.12821044921874858,0.2214604492187462
902,2014-05-13,19.1,19.11,18.9,19.02,35331360.0,1858267,65536,-0.23852663929727624,-22.234902104356213,18.785702,18.76,-0.025701751708982812,0.0680982482910153
911,2014-05-26,18.58,18.77,18.45,18.75,34862120.0,1871132,65536,0.35235360103518243,5.123317174379949,18.496056,18.6,0.10394439697265767,0.1969443969726541
913,2014-05-28,18.7,18.91,18.58,18.86,30714138.0,1636367,65536,1.0278119295108024,39.44346756461672,18.797596,18.64,-0.15759597778320256,-0.06439597778320305
917,2014-06-04,18.77,18.94,18.59,18.59,26811754.0,1432676,65536,-1.0070142144824046,-0.3946959044377918,18.43219,18.57,0.13781005859375028,0.23066005859374883
922,2014-06-11,18.58,18.69,18.49,18.65,25462624.0,1368051,65536,-0.023134545892000702,-15.728596289744926,18.388721,18.43,0.04127853393554659,0.13342853393554321
932,2014-06-25,18.3,18.34,18.13,18.16,29468784.0,1619287,65536,-0.5338443319253039,-6.220082303821827,17.891645,18.16,0.26835456848144545,0.35915456848144345
934,2014-06-27,18.4,18.48,18.31,18.47,29355466.0,1594892,65536,0.05490721611109972,18.876008806623034,18.338097,18.42,0.08190338134765796,0.17400338134765647
936,2014-07-01,18.74,18.74,18.59,18.68,33213446.0,1778740,65536,-0.02586461720366362,-1.8066525550478718,18.54142,18.58,0.038580017089842045,0.1314800170898387
938,2014-07-03,18.71,19.02,18.71,18.93,60294628.0,3190054,65536,0.4293209634846917,6.7104890348495205,18.74516,18.84,0.09484085083007798,0.18904085083007516
946,2014-07-17,19.62,19.62,19.11,19.2,54367004.0,2816335,65536,-0.635689838636111,-27.104707772403287,19.053808,19.17,0.11619178771972827,0.21204178771972693
948,2014-07-21,19.2,19.3,19.08,19.29,44355656.0,2312118,65536,0.09980869999168808,-17.26052583728984,18.948378,19.15,0.2016223907470689,0.2973723907470678
951,2014-07-24,19.41,19.54,19.17,19.41,55539276.0,2871135,65536,1.7826674492567696,41.82406195501853,19.257084,19.38,0.12291610717773338,0.21981610717773137
953,2014-07-28,19.7,20.09,19.62,20.02,99149224.0,4983673,65536,2.8069632152889934,81.73605671487363,19.890156,19.81,-0.0801557922363294,0.018894207763668902
961,2014-08-07,20.4,20.4,20.0,20.0,94362352.0,4671093,65536,-1.5131896310965454,0.33296794740953484,19.623074,19.98,0.35692642211914105,0.45682642211913915
965,2014-08-13,20.33,20.35,20.02,20.33,73734232.0,3648517,65536,0.0784879404340133,20.28387279089263,19.838425,20.17,0.3315753173828142,0.43242531738281187
987,2014-09-15,21.88,22.3,21.88,22.14,110689336.0,5015850,65536,-0.04798307058843099,11.988794997296171,21.562206,21.26,-0.3022062683105453,-0.19590626831054792
988,2014-09-16,22.28,22.33,21.26,21.41,126368240.0,5775953,65536,-1.9871245163487368,52.758389256309826,20.970081,21.280000000000005,0.30991867065430156,0.41631867065429873
1002,2014-10-13,26.76,27.25,26.31,27.04,199479792.0,7422817,65536,-0.4799760011999443,-10.865323464416713,26.183777,26.499999999999996,0.31622314453124645,0.4487231445312432
1005,2014-10-16,27.94,28.89,27.71,27.72,300098784.0,10594772,65536,-0.7906261288136096,16.468638483228084,27.119062,26.549999999999997,-0.5690624237060575,-0.4363124237060596
1030,2014-11-20,26.18,26.56,26.16,26.49,67309392.0,2546631,65536,-0.004729585924745372,-13.09660769819807,25.312826,26.66,1.3471738433837892,1.4804738433837876
1034,2014-11-26,27.57,27.94,27.15,27.36,95861960.0,3492594,65536,1.3948673647209642,9.591043999893278,26.657442,27.000000000000004,0.34255790710449574,0.47755790710449375
1039,2014-12-03,26.31,26.98,25.95,26.98,170446512.0,6440129,65536,1.4914806733380417,28.963044759242496,25.702122,26.76,1.057878265380861,1.1916782653808582
1042,2014-12-08,26.1,26.7,26.05,26.51,189713280.0,7211143,65536,4.096157292440038,-7.700582794668643,25.466208,26.12,0.6537924957275401,0.7843924957275377
1043,2014-12-09,26.36,28.68,26.12,27.01,478591968.0,17455992,65536,-4.487408081453982,30.634418719651823,25.279833,27.19,1.910167160034181,2.0461171600341785
1044,2014-12-10,27.19,28.55,27.19,28.3,296016928.0,10564098,65536,3.6898397443118736,-32.843136671662144,28.073095,27.9,-0.17309532165527486,-0.03359532165527668
1046,2014-12-12,29.85,30.03,29.16,29.42,168437600.0,5722549,65536,0.32107973270583123,-17.98634172844844,29.016563,29.43,0.41343658447265597,0.5605865844726523
1048,2014-12-16,29.7,29.98,28.8,29.12,235832848.0,8071706,65536,2.6783910382534017,23.40849633627984,28.025223,28.39,0.36477722167968807,0.5067272216796859
1050,2014-12-18,28.74,29.11,28.33,28.51,124035200.0,4323168,65536,-0.436529191215862,-20.56732374517052,27.179033,27.8,0.6209667205810554,0.7599667205810512
1053,2014-12-23,26.18,26.7,25.2,25.4,198398432.0,7679822,65536,-2.0492093045179183,-32.75100595319944,23.615805,25.3,1.6841953277587898,1.8106953277587863
1059,2014-12-31,25.6,26.0,25.39,25.8,103570480.0,4023122,65536,2.2027157958670163,5.392766699614817,25.066381,25.34,0.2736185455322264,0.40031854553222246
1075,2015-01-26,27.74,28.51,27.74,28.41,166834704.0,5905240,65536,1.0149143412296002,-14.421835227804134,27.193699,27.87,0.6763011169433604,0.8156511169433571
1079,2015-01-30,28.52,28.78,28.07,28.29,135131392.0,4751853,65536,-1.3616520190706027,-7.1542314328694525,27.447206,27.22,-0.22720649719238395,-0.0911064971923885
1089,2015-02-13,27.21,27.93,27.21,27.64,109638040.0,3954730,65536,0.7830676151001859,28.836361082223267,26.966938,27.389999999999997,0.4230619812011689,0.5600119812011677
1090,2015-02-16,27.63,27.98,27.39,27.97,90131488.0,3242742,65536,0.8545087223293281,-17.628242633741287,27.200535,27.879999999999995,0.6794651794433548,0.8188651794433532
1091,2015-02-17,28.01,28.52,27.88,28.18,170761520.0,6063319,65536,0.6526683964474866,-0.18898059767602504,27.284456,27.79,0.5055437469482413,0.644493746948239
1094,2015-02-27,28.15,28.55,28.12,28.36,118894368.0,4201127,65536,0.18366425613172144,-2.8526771721176565,27.359747,28.17,0.8102530670166033,0.9511030670166001
1099,2015-03-06,29.49,29.49,28.55,28.6,144644112.0,5012986,65536,-0.5096758324419248,-16.546801863952133,27.706264,28.1,0.39373550415039205,0.5342355041503879
1106,2015-03-17,30.36,30.48,29.75,30.02,276471488.0,9183360,65536,1.388412891595836,34.92156194526712,29.000557,29.949999999999996,0.9494430541992145,1.0991930541992119
1108,2015-03-19,31.16,33.45,31.16,33.45,619597632.0,18839391,65536,-0.16432400950583406,-5.694352073417297,31.37112,33.2,1.8288795471191435,1.9948795471191403
1117,2015-04-01,35.1,35.86,35.0,35.5,274890272.0,7754049,65536,1.7945300157977906,-24.43503304267487,34.143654,35.7,1.5563461303710966,1.7348461303710963
1135,2015-04-28,38.47,38.96,37.0,37.3,497970400.0,13195333,65536,-1.3672130942946614,18.625290392341217,35.44281,36.89,1.4471899414062506,1.6316399414062488
1137,2015-04-30,38.19,38.98,37.1,37.3,291950208.0,7673348,65536,-0.5119042881409408,1.1822254096105267,35.85696,36.21,0.3530397033691415,0.5340897033691405
1142,2015-05-08,34.76,35.8,34.76,35.78,197776800.0,5587641,65536,1.9755754358413256,1.5612494771488183,33.952213,35.6,1.6477867126464858,1.825786712646483
1150,2015-05-20,42.5,43.5,41.55,42.14,636579456.0,14841481,65536,0.5009278790671257,15.373874117482856,40.90242,41.709999999999994,0.8075799560546812,1.0161299560546766
1152,2015-05-22,43.67,43.99,42.35,43.05,423555872.0,9858168,65536,2.27949712661486,49.43122055581818,41.514626,42.1,0.5853744506835952,0.7958744506835913
1153,2015-05-25,42.6,46.7,42.1,45.25,512396576.0,11391087,65536,2.992327314075216,2.169560865413533,42.75886,44.39,1.6311384582519537,1.8530884582519462
1154,2015-05-26,45.27,47.49,44.39,46.89,540605888.0,11788711,65536,1.9498028234196108,4.76938455705187,44.60029,45.58,0.979711608886717,1.2076116088867153
1159,2015-06-02,46.31,47.68,45.38,47.68,562773248.0,12040312,65536,1.6880804069201671,-1.085150755571318,45.206486,45.7,0.4935142517089872,0.722014251708984
1163,2015-06-08,45.6,45.91,43.8,44.95,465361664.0,10397518,65536,2.355392836317405,16.732332200400556,42.622486,43.92,1.2975138854980486,1.5171138854980413
1167,2015-06-12,47.79,48.87,47.12,47.55,654852608.0,13628744,65536,0.5376333954573376,9.632653037296812,45.746994,45.1,-0.6469940185546861,-0.4214940185546894
1170,2015-06-17,43.44,44.66,42.63,44.47,363905504.0,8328376,65536,1.461256273668177,-3.5346883946530734,41.207367,43.02,1.8126330566406281,2.0277330566406206
1174,2015-06-24,41.67,42.75,41.0,41.59,462282784.0,11038835,65536,1.9648606691474724,19.05041789054529,39.399605,38.68,-0.7196047973632815,-0.5262047973632846
1177,2015-06-29,35.9,36.0,31.69,31.69,443668992.0,13315247,65536,-3.3356471925814923,17.692712062219094,29.670523,28.78,-0.8905226898193348,-0.7466226898193362
1179,2015-07-01,33.1,34.95,31.78,32.07,456210912.0,13461705,65536,-4.917952157388772,-18.086466688402933,29.924562,29.18,-0.7445624542236331,-0.5986624542236356
1181,2015-07-03,29.2,30.99,26.38,27.95,477607840.0,16716648,65536,-5.406037000973708,-6.073865737405528,25.19979,25.16,-0.039789047241210795,0.08601095275878734
1186,2015-10-09,26.35,26.7,26.02,26.18,316489632.0,12022475,65536,1.323836334514383,-5.851881086267707,25.952135,25.83,-0.12213508605957202,0.007014913940423639
1193,2015-10-20,27.98,28.54,27.98,28.44,281823200.0,9958128,65536,1.2314030411580523,-13.767200163786587,27.155802,26.41,-0.7458017730712889,-0.6137517730712929
1195,2015-10-22,26.49,27.55,26.49,27.52,241188544.0,8940783,65536,1.4764269776146308,-34.66103201601128,26.031624,27.72,1.6883761596679676,1.8269761596679643
1197,2015-10-26,30.2,30.27,29.14,29.45,378766400.0,12795628,65536,0.5045866421747203,3.002799200490092,28.939472,28.32,-0.6194721984863278,-0.477872198486331
1202,2015-11-02,28.0,29.0,27.8,28.19,160355120.0,5646576,65536,-1.6445581311119173,-6.568363002394806,26.713413,28.11,1.3965867614746088,1.5371367614746063
1209,2015-11-11,30.56,30.76,30.11,30.74,279604672.0,9178035,65536,0.010695912596148105,-18.946454773637253,29.352005,30.8,1.4479949951171882,1.6019949951171846
1213,2015-11-17,31.24,31.57,30.03,30.47,246222112.0,7960135,65536,-0.15249207652233698,53.7087550770714,29.393173,30.33,0.9368267822265608,1.0884767822265573
1220,2015-11-26,32.43,32.6,31.72,31.8,211868880.0,6598864,65536,-0.5865226715605298,14.202859837235394,30.728401,29.78,-0.9484011840820301,-0.7995011840820325
1222,2015-11-30,30.0,30.31,28.6,29.78,220590368.0,7458332,65536,0.2648306573816539,-17.104577778974505,28.094896,29.79,1.6951036834716788,1.8440536834716745
1225,2015-12-03,30.2,30.69,30.16,30.64,139318496.0,4567782,65536,0.7348298606913106,-7.388228367702521,29.148005,30.34,1.1919954681396483,1.3436954681396465
1238,2015-12-22,35.27,35.7,34.56,34.95,229044992.0,6540804,65536,0.2785853966414509,-17.077088342726356,33.56088,34.85,1.289121246337892,1.4633712463378856
1246,2016-01-04,34.66,35.09,31.83,31.83,243820032.0,7278465,65536,-7.020369874028409,13.24889257816817,30.05822,28.7,-1.3582199096679695,-1.2147199096679735
1250,2016-01-08,29.5,29.95,27.8,29.07,266645088.0,9181004,65536,2.0392304470036704,321.65150835298044,27.927011,26.799999999999997,-1.127011489868167,-0.9930114898681701
1252,2016-01-12,26.88,27.6,26.18,26.98,223549792.0,8344349,65536,0.7285940265313595,-26.576396975082,25.716969,26.24,0.5230314636230453,0.6542314636230415
1256,2016-01-18,25.65,27.2,25.55,26.78,119075392.0,4465475,65536,0.3847720065539573,-18.838730223907962,25.535217,26.66,1.1247827148437501,1.2580827148437486
1267,2016-02-02,26.53,27.53,26.53,27.45,122084480.0,4477051,65536,2.0778683580082946,2.0814722983636624,26.59111,27.01,0.41888977050781406,0.5539397705078102
1268,2016-02-03,27.01,27.48,27.01,27.36,73550136.0,2698857,65536,-0.4285236701076944,-12.655434056240946,26.458174,27.46,1.0018262481689462,1.1391262481689424
1269,2016-02-04,27.49,27.98,27.46,27.7,95119768.0,3431281,65536,1.224971512290418,18.5953094108982,27.037134,27.35,0.31286582946777486,0.44961582946777057
1271,2016-02-15,26.5,27.6,26.5,27.35,77611368.0,2868550,65536,-0.5762891432928741,-5.115592278483262,25.94106,27.5,1.5589408874511719,1.6964408874511676
1283,2016-03-02,26.82,28.07,26.75,28.0,154814768.0,5632177,65536,4.116436743565498,51.64027312016266,26.93259,27.81,0.8774095153808581,1.0164595153808555
1284,2016-03-03,27.81,28.95,27.81,28.28,169849504.0,5975048,65536,0.232357693202645,-1.6290076531172204,27.466337,27.52,0.053662796020507386,0.1912627960205029
1292,2016-03-15,28.7,29.28,28.6,28.88,86945544.0,3005186,65536,0.2965074746631213,-16.050661669711776,28.12328,28.530000000000005,0.40672042846680156,0.5493704284667977
1304,2016-03-31,30.5,30.94,30.4,30.52,155852864.0,5079420,65536,0.05627619485866209,3.1829219397290887,29.603823,29.949999999999996,0.3461772918701129,0.4959272918701103
1306,2016-04-05,30.48,31.27,30.27,31.17,136845840.0,4422897,65536,1.3222052894419134,23.641320108502264,29.886538,30.72,0.833462448120116,0.9870624481201133
1316,2016-04-19,30.88,30.95,30.53,30.78,88259616.0,2867866,65536,0.3050999705741297,-16.70472497037776,29.508167,28.99,-0.5181672668457047,-0.3732172668457068
1330,2016-05-10,28.02,28.15,27.75,27.84,46716264.0,1672861,65536,0.1138432030062475,-30.616140240865718,26.804379,27.61,0.8056214904785151,0.9436714904785113
1332,2016-05-12,27.81,27.86,27.23,27.8,46272508.0,1677594,65536,0.2377700863822163,-3.7026217659435257,26.544645,27.37,0.8253546905517588,0.9622046905517543
1339,2016-05-23,27.4,27.59,27.31,27.47,46631548.0,1699072,65536,0.29237676319431305,6.448501611298907,26.663511,27.000000000000004,0.33648872375488637,0.4714887237548844
1349,2016-06-06,28.84,28.89,28.57,28.69,88225512.0,3073946,65536,-0.3304769340268909,-24.43353665389838,27.87511,28.58,0.7048893737792952,0.8477893737792925
1351,2016-06-08,29.0,29.03,28.55,28.59,97616800.0,3397839,65536,-0.41107316535781147,10.682781244293892,27.670326,16.5,-11.170326232910156,-11.087826232910157
1353,2016-06-14,16.33,16.54,16.19,16.33,50324356.0,3073765,65536,0.3143813145313201,-28.713329480795714,12.062971,16.08,4.017028884887694,4.097428884887691
1358,2016-06-21,17.5,17.58,17.0,17.05,70179864.0,4059697,65536,-0.2040049218195228,38.338260875732715,17.26204,16.91,-0.35203918457031236,-0.2674891845703158
1360,2016-06-23,17.23,17.28,17.0,17.11,44016400.0,2572421,65536,-0.5309576382595771,1.9020603285933024,16.953829,16.59,-0.36382881164550795,-0.2808788116455112
1363,2016-06-28,17.17,17.49,17.1,17.48,76882624.0,4431201,65536,0.5082453677889065,10.517192597873315,17.0014,17.36,0.35860000610351506,0.4454000061035117
1368,2016-07-05,17.74,17.74,17.46,17.57,93034488.0,5288762,65536,0.08362717259027264,-2.3131211188877616,17.37751,17.51,0.1324899291992203,0.220039929199217
1370,2016-07-07,17.68,17.92,17.58,17.85,108744672.0,6118752,65536,-0.21294454115892147,-5.045944169656359,17.563856,17.77,0.2061438751220699,0.2949938751220671
1372,2016-07-11,17.77,17.93,17.62,17.66,81849520.0,4607748,65536,0.3461475810392578,54.37648057714029,17.674875,17.43,-0.24487525939941435,-0.15772525939941673
1377,2016-07-18,17.96,17.99,17.63,17.76,76050056.0,4280430,65536,-0.4352497344549344,7.448974882644067,17.558231,17.66,0.10176864624023452,0.19006864624023123
1381,2016-07-22,18.03,18.39,18.03,18.24,122632568.0,6730286,65536,-0.8411939050336437,0.0282577169362197,17.771925,18.1,0.32807502746582173,0.4185750274658204
1389,2016-08-03,17.05,17.05,16.84,16.91,55512864.0,3276717,65536,0.13985356140544525,17.20583759019705,16.874744,16.82,-0.05474441528320284,0.029355584716796557
1399,2016-08-17,17.12,17.15,16.94,17.04,95972056.0,5627868,65536,-0.15392584918226815,-29.29992778645157,16.971272,16.96,-0.011271514892577272,0.0735284851074205
1409,2016-08-31,17.77,17.77,17.43,17.61,72604736.0,4130656,65536,0.4770545804788196,5.077276840247723,17.472029,17.37,-0.10202873229980369,-0.015178732299805375
1412,2016-09-05,17.42,17.49,17.35,17.45,58348592.0,3348816,65536,0.16806925539585293,-5.434506602060597,17.327864,17.27,-0.057863693237305114,0.02848630676269437
1418,2016-09-13,16.98,17.04,16.86,16.95,30852738.0,1820904,65536,-0.06957641145098893,-45.345301907011226,17.050215,16.85,-0.20021476745605327,-0.115964767456056
1424,2016-09-23,17.23,17.36,17.11,17.2,44656292.0,2593568,65536,-0.4694450521403049,-23.44386220250929,17.070217,17.03,-0.04021713256835824,0.04493286743164049
1430,2016-10-10,17.7,17.89,17.65,17.84,71483432.0,4011654,65536,1.247663896129425,79.01912182798965,17.842564,17.61,-0.2325636291503912,-0.14451362915039212
1435,2016-10-17,17.85,17.99,17.66,17.68,51157488.0,2866333,65536,-0.8460758957605452,4.612985930813118,17.602573,17.65,0.047426605224607954,0.13567660522460656
1436,2016-10-18,17.69,17.97,17.65,17.94,53508796.0,2995091,65536,1.3255518810938671,19.447825543841212,17.916647,18.01,0.09335304260254063,0.1834030426025386
1438,2016-10-20,18.55,18.56,18.22,18.3,113157000.0,6167267,65536,0.0711649337804321,-21.675740953945546,18.122978,18.2,0.07702178955078054,0.16802178955077807
1446,2016-11-01,18.43,18.65,18.4,18.49,63337956.0,3418500,65536,0.6824966729411129,5.024796272015042,18.340906,18.16,-0.18090614318847642,-0.09010614318847843
1449,2016-11-04,18.4,18.54,18.3,18.3,69469024.0,3776130,65536,-0.3242122029788241,-17.551286644680694,18.197674,18.2,0.0023262023925774145,0.09332620239257494
1454,2016-11-11,18.82,18.9,18.71,18.86,79359816.0,4218404,65536,0.7848145318983812,47.56742995007593,18.660973,18.76,0.09902740478515781,0.19282740478515592
1456,2016-11-15,18.85,18.85,18.61,18.69,58297416.0,3119376,65536,-0.011077909773338224,-36.8965313737788,18.511976,18.65,0.1380237579345689,0.2312737579345665
1457,2016-11-16,18.65,18.87,18.65,18.82,59882336.0,3189486,65536,-0.008163574712738429,-3.535661077749619,18.52379,18.43,-0.0937903594970706,-0.0016403594970739732
1458,2016-11-17,18.82,18.86,18.43,18.57,85263328.0,4590720,65536,0.2023565499083002,-6.35303489460718,18.340336,18.51,0.16966415405273594,0.2622141540527352
1459,2016-11-18,18.62,18.7,18.51,18.58,63222172.0,3398033,65536,-0.5549202247616125,-4.6153719216123985,18.224606,18.58,0.3553944396972639,0.44829443969726057
1460,2016-11-21,18.68,18.97,18.58,18.77,134295344.0,7144254,65536,0.6920344349311991,26.289786294157103,18.5301,18.66,0.12990013122558608,0.22320013122558535
1465,2016-11-28,18.38,18.83,18.38,18.65,150821232.0,8083302,65536,0.39133274642886295,34.991179555289605,18.44241,18.46,0.017590484619141478,0.10989048461913953
1472,2016-12-07,18.15,18.27,17.95,18.26,63388380.0,3491941,65536,0.4798866773629396,-1.0248388522752117,17.857712,17.81,-0.04771179199218878,0.041338208007807964
1474,2016-12-09,17.9,18.1,17.83,17.95,75596784.0,4198961,65536,0.6789351438270419,28.0442035324054,17.609371,17.56,-0.049371185302735654,0.038428814697262226
1481,2016-12-20,17.71,17.75,17.4,17.54,47425920.0,2709615,65536,-0.5983814862210113,7.262205735234084,17.222597,17.53,0.3074028778076183,0.3950528778076148
1482,2016-12-21,17.6,17.7,17.53,17.63,32279370.0,1832388,65536,0.8908874423552371,23.621673377215235,17.575165,17.2,-0.3751647949218757,-0.2891647949218772
1483,2016-12-22,17.63,17.69,17.2,17.65,33875056.0,1929489,65536,-0.08596572154294657,-14.759361450249939,17.361479,17.5,0.1385211944580078,0.2260211944580064
1489,2016-12-30,18.19,18.37,18.08,18.22,72879928.0,3996329,65536,0.3735869196060282,2.3630219431670207,18.190998,18.12,-0.07099807739257713,0.01960192260742133
1494,2017-01-09,18.34,18.55,18.3,18.51,38278656.0,2072561,65536,0.4848148114957596,-4.289057856222966,18.494015,18.38,-0.11401473999023537,-0.022114739990236387
1500,2017-01-17,17.85,17.95,17.2,17.9,52138096.0,2938114,65536,0.20816701562007545,-55.98066372971306,17.351986,17.58,0.22801406860351392,0.31591406860351157
1505,2017-01-24,18.39,18.5,18.15,18.41,44402696.0,2421233,65536,0.010998549380514257,-12.39224729225418,18.257217,18.3,0.04278259277343821,0.13428259277343457
1506,2017-01-25,18.4,18.52,18.3,18.32,44575112.0,2418160,65536,0.34032308401077405,-11.809632761624856,18.251366,18.35,0.09863433837890767,0.19038433837890523
1508,2017-02-03,18.47,18.58,18.3,18.51,23772442.0,1286313,65536,-0.692747257936932,-15.505673461774604,18.284533,18.33,0.04546745300292798,0.13711745300292577
1515,2017-02-14,19.03,19.15,18.95,19.12,59139712.0,3102453,65536,-0.013677621374330595,-21.087161698520166,18.84515,18.99,0.14485000610351406,0.23980000610351127
1519,2017-02-20,19.39,20.23,19.36,20.2,109972104.0,5502779,65536,1.4599116161616132,15.731954918408576,19.740448,19.91,0.16955200195312514,0.2691020019531223
1521,2017-02-22,20.3,20.3,19.97,20.15,51624816.0,2570286,65536,0.19926381495454226,-10.471790858343487,19.897797,19.75,-0.147796630859375,-0.049046630859375995
1529,2017-03-06,20.25,21.16,20.22,21.02,119371656.0,5728511,65536,0.5431960465129837,2.563416162341192,20.684439,21.0,0.31556129455566406,0.42056129455566094
1530,2017-03-07,21.03,21.52,21.0,21.52,164853952.0,7732383,65536,0.2170330308024493,-3.2937678451518067,21.024212,21.33,0.3057881164550764,0.4124381164550748
1531,2017-03-08,21.56,21.66,21.33,21.61,96499960.0,4480175,65536,-0.15142039861492096,-0.9298968117396832,21.190584,21.02,-0.17058418273925824,-0.0654841827392616
1540,2017-03-21,22.4,22.58,22.12,22.28,63081812.0,2821013,65536,0.4852722481671679,-1.1567868856878216,22.031973,21.9,-0.13197288513183736,-0.022472885131840314
1546,2017-03-29,21.85,22.15,21.53,22.08,73222584.0,3361492,65536,-0.13314850092656094,24.534628139830946,21.327871,20.74,-0.5878713226318375,-0.48417132263184115
1549,2017-04-05,20.85,21.48,20.81,21.41,50814940.0,2395815,65536,1.3842392326499864,56.58762369892838,20.940868,21.3,0.35913162231445384,0.46563162231445077
1552,2017-04-10,21.6,21.6,20.5,21.02,49343592.0,2329629,65536,-0.35025273919249145,1.136317337224679,20.56727,20.6,0.03272972106933736,0.13572972106933534
1554,2017-04-12,21.28,21.58,21.05,21.31,35107684.0,1642825,65536,-0.22431787748092846,9.568607303134913,21.083174,21.14,0.05682624816894588,0.16252624816894468
1557,2017-04-17,22.05,22.1,21.46,21.5,60399828.0,2773374,65536,-0.1881543094794158,-13.514848944017176,21.297287,21.5,0.2027130126953125,0.31021301269531065
1561,2017-04-21,20.37,20.59,20.25,20.41,26368210.0,1291127,65536,0.151377273186859,-8.552056515555984,19.849792,20.02,0.17020751953124957,0.2703075195312472
1562,2017-04-24,20.41,20.92,20.02,20.68,50605064.0,2461975,65536,-1.0248673845257406,9.808243912440929,20.090559,20.5,0.4094409942626953,0.5119409942626945
1563,2017-04-25,20.66,20.89,20.5,20.64,24822376.0,1199696,65536,0.28298642481185965,-17.956132013776184,20.6319,20.6,-0.031900787353514204,0.07109921264648378
1566,2017-09-26,20.23,20.23,18.21,18.33,324769760.0,17629135,65536,0.07831756068301665,-21.240775859109952,17.301945,17.53,0.2280552673339855,0.31570526733398196
1582,2017-10-25,17.22,17.34,17.19,17.29,22739164.0,1317038,65536,0.4432489771177384,-5.2146918796605375,17.09211,17.16,0.06789031982421889,0.15369031982421788
1586,2017-10-31,16.26,16.36,16.03,16.18,33726636.0,2085462,65536,-0.07481819179394611,-30.6306361372058,15.832944,16.05,0.21705608367919993,0.2973060836791994
1589,2017-11-03,15.99,16.18,15.9,15.95,23675398.0,1477345,65536,-0.110829520180733,2.620019690789843,16.008713,15.9,-0.10871276855468714,-0.02921276855468946
1590,2017-11-06,16.06,16.12,15.9,16.03,25657322.0,1605545,65536,0.7060385202995567,-5.659218537317723,16.154108,15.95,-0.20410804748535227,-0.12435804748535517
1593,2017-11-09,16.36,16.47,16.25,16.43,23158224.0,1415098,65536,0.6889805114117742,-19.73866885834161,16.643724,16.31,-0.3337244415283216,-0.2521744415283216
1596,2017-11-14,16.4,16.42,16.09,16.1,34710340.0,2137645,65536,-0.6957246364523662,-5.420649109381727,16.010933,15.85,-0.1609329223632816,-0.08168292236328334
1598,2017-11-16,15.98,17.1,15.93,17.1,67319488.0,4057788,65536,0.7693308490869466,0.6206438266829428,16.850168,16.46,-0.3901682281494132,-0.3078682281494167
1600,2017-11-20,16.43,17.26,16.0,17.25,45898192.0,2746733,65536,0.5576519407403779,-28.33230472018384,16.775238,17.09,0.31476196289062486,0.4002119628906229
1617,2017-12-13,16.12,16.49,16.12,16.49,20125308.0,1231687,65536,0.8483523488428846,-8.053936745872758,16.629911,16.25,-0.3799114227294922,-0.29866142272949503
1621,2017-12-19,17.15,17.27,16.86,17.21,34159220.0,2000902,65536,1.2556175334793584,-0.4166678708533822,17.417622,16.89,-0.5276216125488276,-0.44317161254883075
1630,2018-01-09,15.29,15.33,15.15,15.18,26950776.0,1769445,65536,0.7004538286988993,-20.039015246500945,15.526994,15.03,-0.49699375152587955,-0.4218437515258806
1654,2018-02-12,16.5,16.94,16.28,16.33,41439396.0,2521754,65536,1.2875424732792684,-43.6962763060796,16.771221,16.2,-0.5712211608886726,-0.49022116088867307
1656,2018-02-14,16.88,16.96,16.3,16.47,34230588.0,2061672,65536,0.7960606052906272,-36.853569800477295,16.177212,16.4,0.2227882385253892,0.3047882385253864
1659,2018-02-26,17.24,17.73,17.03,17.69,78422872.0,4482648,65536,1.1625879064329103,38.63134872020204,17.748405,17.28,-0.4684054565429676,-0.38200545654297
1661,2018-02-28,17.39,17.7,17.29,17.41,37758496.0,2159200,65536,-0.8706620875195248,-13.174214335439697,17.55958,17.26,-0.2995798492431625,-0.21327984924316468
1663,2018-03-02,17.35,17.4,17.16,17.17,21709244.0,1258799,65536,-0.8058600821419182,-12.735817467341061,17.105062,17.08,-0.025062484741212643,0.06033751525878728
1674,2018-03-19,17.12,17.12,16.6,16.72,43034836.0,2565105,65536,0.4395501452019168,-3.9970063202366624,16.719315,16.68,-0.039314575195312784,0.04408542480468469
1676,2018-03-21,17.0,17.03,16.75,16.77,15521374.0,919440,65536,-0.4083184147926411,21.095650309756376,16.809177,16.51,-0.29917739868163906,-0.21662739868164138
1679,2018-03-26,16.45,16.95,16.41,16.92,28772176.0,1716435,65536,-0.6414951318074125,-36.06239398037041,17.251474,16.82,-0.4314743804931638,-0.3473743804931644
1686,2018-04-04,17.06,17.35,16.81,16.91,15923257.0,930542,65536,-0.19728257492594992,-6.734220283094016,17.124565,16.55,-0.574565124511718,-0.4918151245117208
1688,2018-04-10,16.84,16.96,16.67,16.96,10766822.0,640692,65536,1.9268452839786845,26.238795287754325,16.932352,16.86,-0.07235206604003963,0.0119479339599593
1698,2018-04-24,17.31,17.66,17.23,17.57,37011292.0,2118947,65536,2.048678687210081,26.410152227253327,17.668941,17.17,-0.49894149780273267,-0.4130914978027356
1700,2018-04-26,17.49,17.54,17.24,17.27,27705372.0,1592053,65536,-1.9121372789719704,11.484877849546592,16.9677,17.16,0.19230094909667983,0.2781009490966788
1701,2018-04-27,17.2,17.78,17.16,17.74,67713576.0,3852762,65536,0.03701248039538197,2.732148579377625,17.745865,17.75,0.0041351318359375,0.09288513183593494
1708,2018-05-10,19.42,20.12,19.29,19.93,125159792.0,6364038,65536,0.5537733558562019,5.9281474608698925,19.448633,20.0,0.5513668060302734,0.6513668060302713
1719,2018-05-25,24.07,24.45,23.6,23.88,112577296.0,4706586,65536,-0.2800988707207797,3.6452749989604127,23.53639,23.27,-0.2663903045654301,-0.15004030456543305
1722,2018-05-30,22.84,23.48,21.54,23.15,179614096.0,7872495,65536,-2.119868244300105,7.799405738588883,21.395,22.96,1.564999542236329,1.6797995422363279
1723,2018-05-31,22.96,24.56,22.96,24.2,166589184.0,6969530,65536,2.122002379564747,5.407156608924347,23.69939,23.099999999999998,-0.5993904113769553,-0.483890411376958
1724,2018-06-01,23.82,24.48,23.1,23.33,118684352.0,5024390,65536,-0.8360553127251924,-16.019832282281953,23.140139,22.999999999999996,-0.14013862609863637,-0.02513862609863793
1725,2018-06-04,23.49,23.89,23.0,23.38,75116192.0,3199586,65536,0.9810135814289024,-1.538735675561809,22.759521,23.51,0.7504785156250016,0.8680285156249994
1735,2018-06-19,23.39,24.16,22.3,22.65,161646000.0,6948190,65536,-3.5250424278593147,87.98528833447405,21.505087,22.699999999999996,1.1949131011962848,1.3084131011962832
1739,2018-06-25,23.6,23.8,22.78,22.8,76069632.0,3284003,65536,-1.341683061320631,6.3356620470464975,22.326859,22.409999999999997,0.08314147949218409,0.19519147949218052
1744,2018-07-02,21.9,23.08,21.81,22.75,149308624.0,6596257,65536,-2.934223493155752,9.182876830977358,21.615355,20.82,-0.7953545379638669,-0.6912545379638679
1755,2018-07-17,22.48,22.52,21.43,21.8,259818496.0,11867237,65536,-0.6540729070963036,-9.22486613199476,21.306192,21.16,-0.14619239807128892,-0.04039239807129036
1764,2018-07-30,19.36,19.43,17.3,17.95,133213192.0,7261807,65536,-0.17465487911895172,17.012273514827367,17.640448,18.01,0.3695523834228531,0.4596023834228511
1773,2018-08-10,17.54,17.87,17.3,17.7,63839236.0,3621887,65536,0.2204542711911284,-25.00095696306553,17.60581,17.2,-0.40581016540527415,-0.3198101654052756
1775,2018-08-14,17.8,18.13,17.66,17.68,63386192.0,3552903,65536,-0.5141077296082486,-20.396080236318127,17.76707,17.33,-0.4370707702636736,-0.3504207702636748
1782,2018-08-23,17.1,18.37,16.8,17.94,141472864.0,8115867,65536,0.3651808521894395,20.330528307635554,17.491613,17.37,-0.12161338806152244,-0.034763388061524125
1795,2018-09-11,17.29,18.22,17.29,17.98,86927320.0,4867300,65536,-0.18142021689933066,-8.345333913972297,17.529436,17.47,-0.05943611145019645,0.027913888549800703
1802,2018-09-20,17.66,18.09,17.66,17.83,58413988.0,3274093,65536,-0.07094382456648285,-27.59832364602951,17.958878,17.72,-0.23887756347656364,-0.15027756347656407
1804,2018-09-25,17.87,19.5,17.76,19.33,185756880.0,9874512,65536,-0.8998706930675504,-36.30581296553032,18.354923,18.71,0.3550767517089852,0.44862675170898214
1811,2018-10-11,18.32,18.42,17.4,17.47,161574704.0,8975827,65536,-4.7991833252072125,87.52680840728522,16.265112,17.2,0.9348880767822259,1.0208880767822244
1812,2018-10-12,17.3,18.34,17.2,18.06,135281152.0,7604436,65536,1.4922649970711577,-18.463654058014328,17.744366,18.04,0.2956343078613273,0.38583430786132666
1814,2018-10-16,18.54,18.78,17.68,17.74,125287624.0,6939511,65536,-0.8149818484223359,-1.0305319488221445,17.577839,17.75,0.17216110229492188,0.2609111022949193
1816,2018-10-18,18.21,18.23,17.17,17.82,133230664.0,7524467,65536,-2.3686362543093087,-3.98917773329871,17.04549,17.62,0.5745097351074229,0.66260973510742
1819,2018-10-23,18.86,18.9,18.48,18.63,147631536.0,7923812,65536,-2.65543823598664,-17.035825872316547,17.68958,18.31,0.6204190826416003,0.7119690826415983
1822,2018-10-26,18.22,18.47,18.15,18.34,92444856.0,5043486,65536,-0.6470881035340992,-5.285055605927669,17.97131,17.74,-0.23130966186523594,-0.1426096618652366
1828,2018-11-05,18.61,18.87,18.31,18.7,102225224.0,5498043,65536,-0.8330673960945223,-28.514062623235677,18.066145,18.38,0.3138550567626943,0.4057550567626933
1831,2018-11-08,18.53,18.62,18.35,18.36,64602488.0,3496849,65536,-0.28368266028535594,-16.592152369628867,18.309313,18.05,-0.2593128204345696,-0.1690628204345721
1837,2018-11-16,19.31,19.4,18.91,19.03,128415776.0,6728103,65536,0.4718770528965077,28.732109285816264,18.79766,18.71,-0.0876608276367179,0.005889172363279016
1840,2018-11-21,18.6,18.87,18.28,18.85,72513272.0,3899501,65536,0.2510556454895507,-23.08079887306237,18.67532,18.61,-0.06531967163085994,0.027730328369138135
1841,2018-11-22,18.81,18.96,18.61,18.86,53986440.0,2876253,65536,-0.3737807958493544,-22.6123358984788,18.710588,18.54,-0.17058845520019617,-0.07788845520019905
1842,2018-11-23,18.87,19.18,18.54,18.84,101620016.0,5380794,65536,-2.2072342530401907,30.016093663657013,18.303328,18.53,0.22667243957519645,0.31932243957519546
1853,2018-12-10,20.77,21.39,20.68,20.81,103038920.0,4884678,65536,-1.1566652836973002,18.88115765840828,20.38111,21.0,0.6188907623291016,0.7238907623290984
1858,2018-12-17,22.32,23.09,22.3,22.89,153806480.0,6761993,65536,-0.14877239087656147,-21.119785293812367,22.465376,22.69,0.2246240997314466,0.3380740997314433
1859,2018-12-18,22.81,23.29,22.69,22.8,155120624.0,6767428,65536,-1.036631658863718,-4.02527590452304,22.371962,22.25,-0.12196159362792969,-0.010711593627931393
1863,2018-12-24,22.19,23.5,22.01,23.38,239542160.0,10418650,65536,0.2904865649963506,-25.350400474342127,22.40128,22.81,0.4087205505371081,0.522770550537107
1866,2018-12-27,23.43,23.7,21.92,23.05,216974224.0,9536900,65536,-0.38374033570617305,44.73689270615547,22.006104,22.33,0.3238964843749983,0.43554648437499566
1867,2018-12-28,22.82,23.4,22.33,23.05,169597920.0,7405136,65536,0.6734637235789265,-11.780228113891445,22.166739,20.78,-1.3867385101318348,-1.2828385101318354
1871,2019-01-07,20.51,20.79,20.35,20.73,96398896.0,4687289,65536,0.6070747429896661,-2.085399184962855,20.262428,20.25,-0.01242828369140625,0.08882171630859048
1887,2019-01-29,20.59,20.59,20.29,20.49,62611772.0,3064665,65536,0.3200598031270818,-6.008171074027102,20.149174,19.67,-0.4791737365722639,-0.38082373657226753
1891,2019-02-11,20.78,21.39,20.68,21.31,84516784.0,3980105,65536,1.81899365646363,20.481427125485716,21.007584,21.35,0.3424163818359389,0.44916638183593705
1896,2019-02-18,21.75,22.29,21.75,22.22,85859120.0,3874662,65536,3.2063377961482065,27.29718614998993,22.333776,21.69,-0.6437764739990222,-0.5353264739990244
1898,2019-02-20,21.83,22.02,21.62,21.72,47961952.0,2199733,65536,0.35818014251614017,-17.697567649689784,21.116854,21.6,0.4831462860107436,0.5911462860107406
1900,2019-02-22,21.82,22.95,21.79,22.88,99469968.0,4440727,65536,2.2485193350587185,3.9383576918966767,22.42028,22.58,0.15971954345702954,0.27261954345702577
1928,2019-04-03,26.8,27.21,26.45,27.04,188518400.0,7020977,65536,1.2809439753833196,2.618149589429164,25.955812,26.210000000000004,0.2541875457763716,0.3852375457763699
1932,2019-04-10,26.27,26.78,25.99,26.53,195174048.0,7406865,65536,0.2556785418961871,6.411789278702318,25.494188,25.220000000000002,-0.2741883087158179,-0.14808830871582046
1943,2019-04-25,25.06,25.25,24.32,24.9,125614464.0,5054048,65536,-2.190273666344922,9.77560382929894,23.800785,24.41,0.6092149353027345,0.7312649353027325
1952,2019-05-13,21.55,22.09,21.22,22.0,104713240.0,4828021,65536,-1.6544920854052458,-30.142450959399728,21.07601,21.08,0.003990249633787357,0.10939024963378685
1954,2019-05-15,21.57,21.71,21.2,21.65,93269624.0,4337933,65536,2.247918467004096,7.670847022473871,21.321268,21.32,-0.0012680816650387783,0.10533191833495792
1958,2019-05-21,21.05,21.58,20.99,21.3,70025504.0,3284999,65536,1.3541416168434406,1.8900305466573952,21.038746,20.7,-0.33874588012695384,-0.23524588012695702
1961,2019-05-24,20.3,20.5,20.11,20.21,55044856.0,2709302,65536,0.27762586636010944,-18.983137373191504,19.87756,20.12,0.24244033813476662,0.3430403381347631
1963,2019-05-28,20.65,20.82,20.42,20.44,58406408.0,2825743,65536,0.9639282964918116,8.320588558002084,20.26269,20.25,-0.012689590454101562,0.08856040954589517
1988,2019-07-03,21.08,21.13,20.69,20.79,64121828.0,3078566,65536,-1.1084103556615488,-15.069290290923275,20.210419,20.679999999999996,0.46958129882812116,0.5729812988281182
1995,2019-07-12,19.6,19.74,19.26,19.64,66282948.0,3393731,65536,0.6210999624856717,0.20448543601272465,19.129202,18.18,-0.9492018890380862,-0.8583018890380885
1997,2019-07-16,19.7,20.3,19.55,20.29,127532416.0,6343864,65536,-0.4534293536670564,-20.230448187742727,19.7163,19.91,0.1937009429931642,0.29325094299316135
2002,2019-07-23,19.28,19.62,19.28,19.56,30781132.0,1581719,65536,0.2176281441052641,-22.5708145492765,19.200035,19.57,0.36996490478515653,0.4678149047851541
2004,2019-07-25,19.79,19.95,19.7,19.82,35885068.0,1810323,65536,0.8178374430275692,3.07863639996373,19.664972,19.61,-0.05497230529785213,0.04307769470214495
2026,2019-08-26,21.86,22.7,21.67,22.24,153349536.0,6899899,65536,-1.4381579016242485,6.713335222111173,21.335768,22.14,0.8042322540283209,0.9149322540283187
2031,2019-09-02,20.86,21.19,20.59,21.09,113197224.0,5388179,65536,1.2825067967859651,14.058821978144719,20.682962,21.08,0.39703758239745923,0.5024375823974587
2032,2019-09-03,21.3,21.62,21.08,21.24,120396608.0,5646697,65536,0.1374625810743435,-11.401570608599744,20.96099,20.87,-0.09099090576171776,0.013359094238278857
2035,2019-09-06,21.28,21.28,20.9,21.02,82115880.0,3903582,65536,0.5907798599859461,-32.904929641527126,20.728897,20.9,0.17110290527343608,0.2756029052734341
2038,2019-09-11,21.73,21.98,21.6,21.63,165438080.0,7592446,65536,-0.7367519770058673,0.5389963400088016,21.2578,21.43,0.1722008514404294,0.2793508514404266
2040,2019-09-16,21.54,21.6,21.1,21.14,105018872.0,4952059,65536,-0.3690482783620941,0.01681040094665409,20.454958,20.629999999999995,0.17504203796386264,0.27819203796386205
2048,2019-09-26,20.9,20.95,20.36,20.47,76042912.0,3677425,65536,-0.7708642255966236,14.719998981242744,19.954863,20.21,0.25513740539550867,0.35618740539550586
2049,2019-09-27,20.49,20.78,20.21,20.67,60096088.0,2924726,65536,0.2996506245541708,-27.940436911414924,20.21243,18.6,-1.612429046630858,-1.5194290466308615
2051,2019-10-08,17.3,17.46,16.74,16.74,182244080.0,10820200,65536,0.6068899707172282,16.269275571684734,14.907372,16.31,1.4026275253295886,1.4841775253295886
2054,2019-10-11,17.63,17.73,17.0,17.11,165008352.0,9578976,65536,0.9572502219561184,17.911386603439677,17.438133,16.88,-0.5581332397460947,-0.47373323974609605
2055,2019-10-14,17.09,17.27,16.88,16.92,145195248.0,8511121,65536,1.0611673096047047,31.024766611459608,16.723255,16.48,-0.2432551574707027,-0.1608551574707029
2057,2019-10-16,16.63,17.08,16.63,17.01,131147208.0,7746640,65536,-0.3444903143855149,-2.397264374375341,16.956345,16.61,-0.34634460449218807,-0.26329460449219155
2066,2019-10-29,16.93,17.08,16.68,16.73,84824832.0,5020435,65536,-0.4166465049826984,-15.552370377108106,16.581415,16.6,0.01858482360839986,0.10158482360839827
2080,2019-11-18,15.23,15.84,14.87,15.66,110553104.0,7187520,65536,0.7954419422814496,-8.461538764707422,15.386567,15.51,0.12343288421630838,0.20098288421630706
2086,2019-11-26,17.15,18.09,17.12,17.64,259659184.0,14595394,65536,0.3465516307781247,5.135701504556267,17.3292,17.3,-0.02920074462890554,0.05729925537109182
2088,2019-11-28,17.47,17.56,17.17,17.19,75279648.0,4357611,65536,-0.3436869455725744,-14.661932416377056,17.095173,17.06,-0.035172882080079404,0.0501271179199172
2089,2019-11-29,17.29,17.36,17.06,17.26,60945092.0,3539786,65536,-0.8707246977189831,13.665791411479724,17.038315,16.73,-0.3083148193359371,-0.2246648193359384
2092,2019-12-04,16.98,17.08,16.69,16.97,52577152.0,3119737,65536,-0.032977676450041134,8.248937254691002,16.702095,16.96,0.2579049682617196,0.34270496826171737
2112,2020-01-02,19.55,19.68,19.32,19.48,83051304.0,4254424,65536,1.3586943255105457,47.74499514693058,19.417189,19.17,-0.24718864440917798,-0.15133864440917932
2114,2020-01-06,19.53,20.75,19.43,20.57,206825920.0,10156385,65536,-0.3780485745373374,22.74351554046328,19.776249,20.329999999999995,0.5537510681152291,0.6554010681152285
2115,2020-01-07,20.65,21.68,20.33,21.38,245147312.0,11574975,65536,0.7490373671082073,-20.43290833578627,21.08379,20.89,-0.19378982543945256,-0.08933982543945618
2117,2020-01-09,21.25,21.91,21.14,21.3,100591048.0,4696947,65536,1.2657088942494843,-18.318686213663028,21.28511,21.3,0.01488952636718821,0.12138952636718514
2129,2020-02-04,20.75,22.4,20.75,22.09,193962848.0,9035622,65536,2.637486579401127,35.77926332876336,21.793451,22.27,0.476548690795898,0.5878986907958961
2130,2020-02-05,22.82,24.28,22.27,24.28,282553984.0,12028525,65536,1.1329656280047784,-18.233626506291717,23.75446,23.86,0.1055406188964838,0.22484061889648288
2131,2020-02-06,24.3,25.34,23.86,24.6,326708480.0,13273356,65536,1.8610276006717936,0.8784944385817672,24.091423,23.91,-0.1814230346679686,-0.06187303466797189
2137,2020-02-14,24.94,25.28,24.31,24.67,174474224.0,7046024,65536,0.7022869148871624,-1.2151845545852802,23.7786,24.58,0.8013993072509749,0.9242993072509726
2138,2020-02-17,24.88,25.76,24.58,25.58,207830656.0,8232764,65536,2.2491492653715195,27.6034769469768,24.641748,24.89,0.248251571655274,0.37270157165526996
2142,2020-02-21,24.71,25.98,24.58,25.79,261388048.0,10269416,65536,0.11653549386438924,2.3469436065588045,24.37167,25.45,1.07833023071289,1.2055802307128864
2145,2020-02-26,25.82,26.25,25.08,25.08,199349792.0,7813013,65536,-1.2325860542939382,6.932211311653093,24.338766,25.08,0.7412339019775374,0.8666339019775364
2150,2020-03-04,26.27,26.55,25.59,26.1,156479840.0,6011224,65536,0.5790250674592379,-16.841448035934327,24.842093,25.7,0.8579074859619134,0.9864074859619123
2153,2020-03-09,25.84,25.89,23.68,23.68,459882016.0,18921396,65536,-3.4162053492682203,20.655845715371047,22.224348,22.59,0.36565193176269517,0.47860193176269306
2161,2020-03-19,20.4,20.47,19.16,20.04,173274832.0,8617577,65536,-1.2972119705411678,16.621689712363686,19.09099,19.92,0.8290099334716814,0.9286099334716802
2178,2020-04-14,23.1,23.74,22.66,23.6,186358096.0,7961647,65536,1.930055471776515,39.95307573520326,22.981295,23.61,0.6287053680419916,0.7467553680419883
2181,2020-04-17,23.74,24.35,22.99,23.15,207250096.0,8811668,65536,0.9759676833982932,37.57905235405461,22.613115,22.78,0.16688468933105582,0.28078468933105327
2184,2020-04-22,22.0,22.15,21.4,22.02,152359872.0,6978735,65536,0.8227307939759232,-16.53916803391714,20.978207,21.99,1.011793365478514,1.1217433654785118
2185,2020-04-23,22.29,22.6,21.99,22.15,155401072.0,6982615,65536,-0.2508217472612761,11.186316599135003,21.582167,21.64,0.05783332824707088,0.1660333282470674
2193,2020-05-08,22.3,23.78,22.03,23.6,308160128.0,13368844,65536,0.9867792473164938,10.831382593085694,22.531715,23.13,0.5982846069335928,0.7139346069335915
2200,2020-05-19,23.44,23.79,23.06,23.17,109344496.0,4693795,65536,0.8498792987858605,-16.6544127209644,22.58452,22.39,-0.19452033996581974,-0.08257033996582308
2204,2020-05-25,21.1,21.39,20.66,20.8,96651712.0,4624705,65536,0.13755014304168695,-23.54944884016345,20.377619,20.95,0.5723812103271477,0.677131210327147
2220,2020-06-16,23.67,24.07,23.41,23.83,229682720.0,9678152,65536,1.5064513437454965,-15.420145461624436,23.584757,23.73,0.14524314880371136,0.2638931488037102
2225,2020-06-23,24.7,25.0,24.26,24.66,259259456.0,10512979,65536,0.4812228032325283,-17.06991357507388,24.05108,23.45,-0.6010807037353523,-0.48383070373535375
2245,2020-07-23,25.55,25.9,24.66,25.69,291822528.0,11547318,65536,-0.04263487787546927,4.5117723451756575,24.251345,23.7,-0.5513446807861335,-0.43284468078613614
2250,2020-07-30,24.6,25.12,24.3,24.42,265815296.0,10749310,65536,-0.4885648887264726,-10.566810450857343,23.499777,23.98,0.4802231597900395,0.6001231597900372
2255,2020-08-06,26.42,27.9,26.41,27.9,395033920.0,14327996,65536,-0.3003908220660545,15.838216170094244,27.179058,28.58,1.4009419250488264,1.5438419250488238
2266,2020-08-21,24.84,25.33,24.75,24.93,148446096.0,5925120,65536,0.8482309821228329,-9.920382658589366,24.189234,24.81,0.6207662200927722,0.744816220092769
2270,2020-08-27,23.9,24.33,23.63,24.16,151301120.0,6306664,65536,0.5358967984309793,-21.322687035566133,23.099264,24.079999999999995,0.9807358551025338,1.1011358551025303
2276,2020-09-04,23.63,24.0,23.4,23.75,186391104.0,7880820,65536,-0.9731996429387046,-17.600187836715918,22.40256,23.02,0.6174407196044918,0.73254071960449
2279,2020-09-09,23.0,23.13,22.06,22.22,189765760.0,8458022,65536,-2.338962037666237,16.57902884762428,21.1904,21.51,0.31960083007812656,0.4271508300781228
2282,2020-09-14,22.02,22.25,21.75,22.02,96811280.0,4399383,65536,0.5136927093238429,-6.9965961860437575,21.390673,21.84,0.44932731628417955,0.5585273162841773
2284,2020-09-16,22.11,22.43,21.82,22.4,108305976.0,4887718,65536,-0.6637545643790711,6.709173271988655,21.573486,22.19,0.6165136718750013,0.7274636718750003
2287,2020-09-21,22.77,22.96,22.62,22.77,80445320.0,3530530,65536,-0.9638828901287422,-22.3720230716283,22.142761,22.509999999999998,0.367238769531248,0.47978876953124683
2288,2020-09-22,22.69,23.09,22.51,22.74,97625840.0,4272285,65536,-1.1866317945701033,-3.9048040368335086,22.1154,22.72,0.6045996856689442,0.7181996856689423
2295,2020-10-09,22.99,23.35,22.8,22.93,99553976.0,4326898,65536,2.0434232898809856,24.984297472418408,22.86591,22.94,0.07409042358398565,0.1887904235839848
2304,2020-10-22,22.02,22.02,21.47,21.57,63463228.0,2935171,65536,-0.30983782024399664,-2.364814195227793,21.02956,21.61,0.5804399108886713,0.68848991088867
2313,2020-11-04,20.1,20.15,19.8,19.86,56161288.0,2820710,65536,0.755615837373047,-15.724183488538726,19.801859,19.87,0.06814109802246193,0.16749109802245954
2322,2020-11-17,19.86,19.9,19.34,19.56,82199408.0,4213893,65536,-0.1912658003291101,1.825950195394288,19.037945,19.34,0.302055206298828,0.39875520629882644
2326,2020-11-23,19.51,19.86,19.48,19.77,74162088.0,3757409,65536,1.248965769760613,59.130327948672104,19.4852,19.56,0.07479911804199091,0.17259911804199035
2329,2020-11-26,19.25,19.37,18.81,18.86,72482368.0,3825847,65536,0.1810332539149196,-19.454083877526106,18.688963,18.46,-0.22896293640136633,-0.13666293640136828
2330,2020-11-27,18.77,18.99,18.46,18.77,77141376.0,4135750,65536,1.2435995682567036,18.768327402700677,18.295458,18.6,0.3045421600341811,0.3975421600341775
2331,2020-11-30,18.68,18.97,18.6,18.71,67797152.0,3605659,65536,-0.4119844923576199,61.17474100894,18.249208,18.64,0.39079154968261776,0.48399154968261726
2333,2020-12-02,19.35,19.54,19.13,19.36,85585632.0,4426801,65536,0.0007894061692104161,-4.229110831486482,19.08156,19.27,0.18843986511230426,0.28478986511230175
2338,2020-12-09,19.32,19.32,18.52,18.52,105810696.0,5626825,65536,-1.3409502822422923,12.873605312826085,18.139154,18.33,0.19084556579589673,0.2824955657958945
2346,2020-12-21,17.99,18.23,17.8,18.09,70345512.0,3902399,65536,0.9374056244337404,9.966577174794855,17.950294,18.0,0.04970550537109375,0.13970550537109006
2348,2020-12-23,18.1,18.12,17.68,17.72,89997928.0,5060452,65536,0.8530103106488163,-13.58351355142078,17.838324,16.94,-0.8983235931396472,-0.8136235931396492
2350,2020-12-25,17.01,17.23,16.98,17.09,44735756.0,2615500,0,0.8397966408134394,5.758074423293191,16.68985,16.77,0.08015014648437457,0.16400014648437278
